name,name_ta,type,subtype,ward_no,lon,lat
AMM School,,landmark,school,172.0,80.24166166017442,13.01899485
ARK Hospital,,landmark,hospital,179.0,80.2293536,12.9856999
Aathichudy Special School,,landmark,school,175.0,80.252718,13.0048641
Adhi Arunachaleshwar Temple,ஆதி அருணாசலேஸ்வரர் கோயில்,landmark,place_of_worship,170.0,80.2052816,13.025791
Adven Chirstian Church,,landmark,place_of_worship,182.0,80.25878620864472,12.977316550000001
Advent Christian Church,,landmark,place_of_worship,142.0,80.2247368841266,13.0203187
Advent Christian Church,,landmark,place_of_worship,174.0,80.22173292031277,13.00725325
Advent Christian Church,,landmark,place_of_worship,172.0,80.24466975,13.01692015
Advent Primary School,,landmark,school,172.0,80.24506072722214,13.018864950000001
Advent christian conference of india,,landmark,place_of_worship,179.0,80.2260892691194,12.9858914
Akshaya,,landmark,school,179.0,80.2224844,12.9787977
Alagappa College of Technology,,landmark,college,171.0,80.23833268121567,13.00788475
Ambedkar Law University - School of Excellence,,landmark,college,173.0,80.26426089381101,13.01648875
American International School Chennai,,landmark,school,180.0,80.24658317928336,12.9822432
Anna GEM Science Park Matriculation Higher Secondary School,,landmark,school,171.0,80.23889163874563,13.01595745
Anna High School,,landmark,school,176.0,80.26843206604913,13.000597800000001
Anna Institute of Management,,landmark,college,173.0,80.25347823023267,13.0185973
Annai Velankanni Church,,landmark,place_of_worship,181.0,80.27082224283366,12.995035600000001
Annai Velankanni College,,landmark,college,170.0,80.21485992056199,13.01934535
Annai Velankanni Shrine,,landmark,place_of_worship,181.0,80.2700336649367,12.9951775
Apollo Specialty Hospitals Private Limited,,landmark,hospital,173.0,80.2711008,13.0177957
Appasamy Krishna Hospital and Medical Research Centre,,landmark,hospital,178.0,80.2205016,12.9758647
Arulmighu Shri Mahamari Bhavani Amman Aalayam,,landmark,place_of_worship,180.0,80.2347321,12.9827747
Arulmigu Karaneeswarar Temple,,landmark,place_of_worship,142.0,80.2233811,13.0247641
Arulmigu Pidari Sri Ilan Kaliamman Temple,,landmark,place_of_worship,171.0,80.22631914337455,13.021894249999999
Arulmigu Shri Valampuri Selva Vinayagar Aalayam,,landmark,place_of_worship,180.0,80.2351107,12.9823344
Arupadai Veedu Temple Complex,,landmark,place_of_worship,181.0,80.2686022,12.989065
Ashtalakshmi Temple,அஷ்டலெட்சுமி கோயில்,landmark,place_of_worship,181.0,80.27036701180941,12.992552100000001
Ashwini Hospital,,landmark,hospital,181.0,80.2599586,12.9890173
Asian College of Journalism,,landmark,college,172.0,80.2462804,12.9961623
Athipathi Hospital and Research Centre,,landmark,hospital,179.0,80.2222002,12.9762711
Athipathy Hospitals,,landmark,hospital,179.0,80.22219035686352,12.97643445
Avvai Home,,landmark,school,176.0,80.26121224643248,13.0090272
Ayappan Koil,ஐயப்பன் கோயில்,landmark,place_of_worship,173.0,80.2680823,13.0189307
Ayesha Mosque,,landmark,place_of_worship,172.0,80.2409148986471,13.0253761
Bala Saravana Matriculation School,,landmark,school,177.0,80.2104214,12.9831591
Bala Vidya Mandir,,landmark,school,175.0,80.25078927708844,13.00986575
Balaji Hospital (P) Ltd,,landmark,hospital,170.0,80.20608622840193,13.00738175
Balakrishna Eye Hospital,,landmark,hospital,171.0,80.2269866,13.0274436
Balasubramanya Temple,,landmark,place_of_worship,177.0,80.2164707,12.982385050000001
Besant Nagar MTC Terminus,,landmark,bus_station,176.0,80.2657764,13.0003485
Besant Theosophical High School,,landmark,school,181.0,80.26428758241371,12.991089200000001
Bethel Matriculation hr sec school,,landmark,school,179.0,80.22294093419441,12.9759618
Bethel Telegu Baptist Church,,landmark,place_of_worship,170.0,80.19915220268082,13.01446395
Bharath HSS,,landmark,school,175.0,80.25593758655012,13.00166455
Bora Hospital,,landmark,hospital,142.0,80.2222779,13.022310950000001
C.S.I. Middle School,,landmark,school,142.0,80.22064891847063,13.02012685
C.S.I. St. Thomas Church,,landmark,place_of_worship,142.0,80.22243552202166,13.018854000000001
CSI Kingdom of God Church,,landmark,place_of_worship,171.0,80.22685569599071,13.02915035
CSI Meetpar Yesu Alayam,,landmark,place_of_worship,142.0,80.22586360540313,13.02201345
CSI St. Andrew's Church,,landmark,place_of_worship,171.0,80.2285528320032,13.028107649999999
CSI St. James Church,,landmark,place_of_worship,168.0,80.19414915125262,12.9781567
CSI Yesu Anbar Alayam,,landmark,place_of_worship,176.0,80.26474019758513,13.0083455
Calvary Community Church,,landmark,place_of_worship,175.0,80.24827525002787,13.004804400000001
Cancer Hospital,,landmark,hospital,175.0,80.24846217190013,13.0095334
Cancer Institute,,landmark,hospital,174.0,80.239884,13.0061338
Central Institute of Petrochemicals Engineering and Technology,,landmark,college,170.0,80.2052179,13.0141314
Central Leather Research Institute,மத்திய தோல் ஆராய்ச்சி நிறுவனம்,landmark,college,172.0,80.24402541888409,13.00901045
Central Polytechnic College,மையப் பாலிடெக்னிக் கல்லூரி,landmark,college,172.0,80.24689851226316,12.99955365
Chellammal College,,landmark,college,170.0,80.2210416779676,13.01420005
Chennai Boys Higher Secondary School,,landmark,school,142.0,80.21933344981468,13.025451050000001
Chennai Clinical Centres,,landmark,hospital,175.0,80.2516271336967,12.99419975
Chennai Corporation 24 Hours Maternity Hospital,,landmark,hospital,142.0,80.22412781839571,13.020882199999999
Chennai Eye Care Hospital,,landmark,hospital,179.0,80.2246302,12.9789449
Chennai Girls Higher Secondary School,,landmark,school,142.0,80.2185692634617,13.02556745
Chennai Higher Secondary School,,landmark,school,178.0,80.218948,12.9852163
Chennai Primary School,,landmark,school,179.0,80.2320468,12.9801464
Chennai Primary School,,landmark,school,172.0,80.24452745024671,13.01660225
Chennai Skin Foundation,,landmark,hospital,173.0,80.2594702,13.0205681
Chennai Skin Foundation and Yesudian Research Institute,,landmark,hospital,173.0,80.2592924,13.0210394
Chettinad Vidyashram School,,landmark,school,173.0,80.26869780582544,13.01728395
Chitra Maternity andSurgival Centre,,landmark,hospital,142.0,80.22291325272698,13.0234132
Church,,landmark,place_of_worship,179.0,80.2270337,12.9790968
Church Building,,landmark,place_of_worship,172.0,80.24458160156685,13.01695795
Church of St. Michael and All Angels,சர்ச் ஆப் ஸ்ட. மைக்கேல் அண்ட் ஆல் ஏஞ்சல்ஸ்,landmark,place_of_worship,176.0,80.26810982533094,13.0085962
College of Engineering,,landmark,college,171.0,80.23486565294965,13.0110983
"College of Engineering, Guindy",கிண்டி பொறியியல் கல்லூரி,landmark,college,171.0,80.2365020055197,13.0136638
Corpn School,,landmark,school,181.0,80.27038300000001,12.993212549999999
Corporation High School,,landmark,school,175.0,80.25379507570605,13.001804100000001
Corporation Hospital,,landmark,hospital,181.0,80.2615046,12.9915347
Corporation Middle School,,landmark,school,176.0,80.262611248149,13.00280245
Corporation Primary School,,landmark,school,175.0,80.2562413309244,13.00494865
Corporation School,,landmark,school,175.0,80.2547165860851,12.99001325
Council of Scientific and Industrial Research - CSIR Taramani,,landmark,college,180.0,80.2447703508365,12.9882253
D.A.V Public School,,landmark,school,179.0,80.22260771007349,12.97235015
Dandhesswaram Temple,,landmark,place_of_worship,179.0,80.22387293423066,12.9859456
Dastageer Sahib Jamia Masjid,,landmark,place_of_worship,171.0,80.22720501034591,13.02562135
Devi karumari amman temple,,landmark,place_of_worship,178.0,80.21688902997906,12.978312899999999
Diana Nursery & Primary School,,landmark,school,142.0,80.2180065,13.0231287
Dr.Agarwals Eye Hospital,,landmark,hospital,177.0,80.2176077,12.9832681
Dr.Kamakshi Memorial Hospital,,landmark,hospital,175.0,80.2520867,13.0022187
ECI Zion Church,,landmark,place_of_worship,170.0,80.20607775123229,13.02110455
Ekkattuthangal,ஈக்காட்டுத்தாங்கல்,landmark,,170.0,80.2054236,13.0169222
Elai Amman Kovil,,landmark,place_of_worship,176.0,80.27271334660395,13.003330550000001
Foreshore Estate Bus Terminus,,landmark,bus_station,173.0,80.2763268,13.0224016
Fortis Malar Hospital,,landmark,hospital,175.0,80.25869973146646,13.01017585
G. K. Shetty Hindu Vidhyalaya School,,landmark,school,177.0,80.20720032423799,12.9847845
G. R. Hospital & Fertility Centre,,landmark,hospital,177.0,80.2068955,12.9952982
GANESH TEMPLE,,landmark,place_of_worship,173.0,80.25355092819018,13.021812
Ganapathy temple,,landmark,place_of_worship,178.0,80.21684626686637,12.977569200000001
Gangai Amman Koil,,landmark,place_of_worship,181.0,80.26308682054524,12.9960247
Gas Hospital,,landmark,hospital,175.0,80.2540981,13.003026
Global Hospitals,,landmark,hospital,175.0,80.25147023141668,13.00980225
Good Shepard hospital,,landmark,hospital,180.0,80.2343492,12.9810842
Government Arts College for Men,,landmark,college,171.0,80.23914202952457,13.029659800000001
"Government Higher Secondary School, Velachery",,landmark,school,178.0,80.21997596527498,12.987819349999999
"Government Hospital, Adyar",,landmark,hospital,176.0,80.2562121,12.9979497
Government Quarter Mosque,,landmark,place_of_worship,171.0,80.2312857,13.02224
Greenways Road,,landmark,,173.0,80.2527292,13.0215846
Guindy Bus Stand,,landmark,bus_station,170.0,80.2107931,13.0090591
Guindy Estate MTC Terminus,,landmark,bus_station,170.0,80.21079086537013,13.009257
Guru Nanak College,,landmark,college,174.0,80.22155836289596,12.99175455
Guru Nanak School,,landmark,school,174.0,80.22097352675046,12.99068985
HEALTH,,landmark,hospital,171.0,80.2395364,13.0135999
Hale and Healthy Hospitals,,landmark,hospital,182.0,80.2590077,12.9757686
Harishri Vidyalayam,,landmark,school,173.0,80.26285151777164,13.02238345
Health Centre,,landmark,hospital,171.0,80.2393143445486,13.013578500000001
Helios Hospital Pvt Ltd,,landmark,hospital,178.0,80.2189144,12.9855882
House of Prayer CSI Church,,landmark,place_of_worship,172.0,80.2450524,13.0060827
Huma Specialists Hospital and Research Centre Pvt Ltd,,landmark,hospital,171.0,80.235353,13.0282655
IMPCOPS Traditional Hospital,,landmark,hospital,181.0,80.25720399982345,12.993165300000001
Indira Eye Hospital,,landmark,hospital,173.0,80.2622388,13.0222055
Indira Nagar,இந்திரா நகர்,landmark,,175.0,80.249716,12.9960623
Infant Jesus Shrine,குழந்தை இயேசு ஆலயம்,landmark,place_of_worship,170.0,80.2113106,13.0151562
Institute for Energy Studies (IES),,landmark,college,171.0,80.2326511,13.0106523
Iswarya Fertility Center,,landmark,hospital,175.0,80.2504829,13.0064894
Jayam Polyclinc,,landmark,hospital,181.0,80.2603345,12.9958562
Jumma Masjid,,landmark,place_of_worship,170.0,80.2012952,13.0202517
KRMM School and Kumararani Meena Mutthaiah College,,landmark,college,175.0,80.25183001821728,13.0107855
Kalakshetra School of Fine Arts,,landmark,college,181.0,80.26599786798346,12.9874243
Kamaatchi Amman Kovil,,landmark,place_of_worship,142.0,80.21993133524155,13.02001895
Kanamapet Government Hospital,,landmark,hospital,171.0,80.2261208,13.0298989
Kasturiba Nagar,,landmark,,175.0,80.2478604,13.0053823
Kaya Skin clinic,,landmark,hospital,179.0,80.2223505,12.9767775
Kendriya Vidyalaya IIT Chennai,,landmark,school,174.0,80.2328239950313,12.992685999999999
Koothadum pilliyar temple,,landmark,place_of_worship,142.0,80.22120494999999,13.02503235
Kotturpuram,கோட்டூர்புரம்,landmark,,175.0,80.2484517,13.0137182
Kurasani Peer Masjid,,landmark,place_of_worship,176.0,80.25648859007543,12.9988797
Lakshmi Maternity Hospital,,landmark,hospital,175.0,80.2528444,12.9938673
Lets do Something - Activity center,,landmark,school,179.0,80.221575,12.9758373
Lord Ganesh Temple,,landmark,place_of_worship,173.0,80.26365031274149,13.0236248
Lord Perumal and Anjaneyar Temple,,landmark,place_of_worship,169.0,80.2014418,12.9676432
Lord Vinayagar Temple,,landmark,place_of_worship,169.0,80.2011722,12.9699486
M N Eye Hospital,,landmark,hospital,176.0,80.2603599,12.996767
Madhya Kailash,மத்திய கைலாசம்,landmark,place_of_worship,172.0,80.24708215575399,13.00624095
Marudeeswarar Temple,,landmark,place_of_worship,182.0,80.2599847,12.9848728
Masjid Allah,மஸ்ஜித் அல்லாஹ்,landmark,place_of_worship,176.0,80.27273210419847,13.003742549999998
Masjid e Noor,,landmark,place_of_worship,182.0,80.2586208,12.9753235
Masjid ul Mubarak,,landmark,place_of_worship,170.0,80.2088174,13.0150033
Masjid ul mubarak,,landmark,place_of_worship,170.0,80.2088169,13.015029
Meenakshi sundareshwar temple,,landmark,place_of_worship,,80.20206715,12.965529400000001
Mehar Ashramam,,landmark,place_of_worship,142.0,80.22230805,13.021107
Mint Hospitals,,landmark,hospital,176.0,80.258796,13.0013494
Miracle AG Church,,landmark,place_of_worship,181.0,80.25940627372952,12.99477915
Muthumariamman temple,,landmark,place_of_worship,182.0,80.2550194,12.9780803
NGO Colony Bus Terminus,,landmark,bus_station,177.0,80.2068161,12.9947894
Nagamariamman Puthu Koil,,landmark,place_of_worship,175.0,80.2536087,13.0118858
Nandhini Hospital,,landmark,hospital,179.0,80.2247932,12.9784706
Nataraja Devara Sabai,,landmark,place_of_worship,142.0,80.2249449,13.0235867
National Institute of Fashion Technology - NIFT Chennai,,landmark,college,180.0,80.25157446210116,12.98404105
National Institute of Technical Teachers' Training and Research,,landmark,college,180.0,80.24943559115604,12.9877156
Nawab Fazeelathunnisa Begum Sahiba Masjid,,landmark,place_of_worship,171.0,80.23493889716215,13.0281047
Nawab Sadatullah Khan's Jumma Masjid,,landmark,place_of_worship,142.0,80.21867216720372,13.020203550000002
New Life Assembly of God,,landmark,place_of_worship,170.0,80.22446276201836,13.015638299999999
New Prince Matriculation Higher Secondary School,,landmark,school,168.0,80.19638688928327,12.9772401
Olcott Memorial HSS,,landmark,school,176.0,80.2677285,13.0034528
Om Sri Sakthi Vinayagar Temple,,landmark,place_of_worship,178.0,80.2137168,12.9735804
Ortho clinic,,landmark,hospital,179.0,80.2286587,12.9800456
Our Lady of Perpetual Help Church,,landmark,place_of_worship,179.0,80.22301254999999,12.982762600000001
Padmapriya Hospital Pvt. Ltd.,,landmark,hospital,175.0,80.2537027,12.9996223
Palani Balaji Fertility Centre,,landmark,hospital,171.0,80.2235084,13.0122123
Pamban Sitthar Samadhi,பாம்பன் சித்தர் சமாதி,landmark,place_of_worship,181.0,80.26331944262529,12.9901372
Panchamukha Hanuman Temple,,landmark,place_of_worship,180.0,80.23806794549017,12.98259245
Pathala Vigneshvarar Temple,பாதாள விக்னேஸ்வரர் கோவில்,landmark,place_of_worship,169.0,80.1907604,12.9711569
Patrician College of Arts & Science,,landmark,college,175.0,80.24991954491321,13.01355675
Peeliamman Temple,ஸ்ரீ பீலியம்மன் ஆலயம்,landmark,place_of_worship,174.0,80.2373556,12.9933852
Periyapalayathamman Koil,,landmark,place_of_worship,175.0,80.25570423426733,12.9974724
Perumal Temple,,landmark,place_of_worship,178.0,80.22000938347588,12.98755595
Perungudi,பெருங்குடி,landmark,,179.0,80.2321916,12.9760584
Pilayar koil,,landmark,place_of_worship,169.0,80.2128187,12.9648528
Pillaiyar Koil,,landmark,place_of_worship,142.0,80.2204763,13.020091
Pillayar Kovil,,landmark,place_of_worship,142.0,80.22047475,13.0200441
Ponmalligai Hospital Pvt Ltd,,landmark,hospital,177.0,80.2061465,12.9925116
Prashanth Hospitals,,landmark,hospital,179.0,80.2214698,12.9784544
Prince Matric Hr Sec School,,landmark,school,169.0,80.1944308,12.9694641
Prince Srivari Vidyalaya,,landmark,school,169.0,80.1942822,12.969047
Promed Hospital,,landmark,hospital,182.0,80.2582571,12.9751423
Puzhudivakkam,,landmark,,169.0,80.2054236,12.9771578
Puzhuthivakkam Bus Stand,,landmark,bus_station,169.0,80.2029314,12.9739799
R.G. Stone Urological Research Institute,,landmark,hospital,142.0,80.2278288,13.0240792
Raja Muthiah School,,landmark,school,173.0,80.2612586492729,13.0224917
Ramar Temple,,landmark,place_of_worship,169.0,80.2090431,12.9674844
Rani Meyammai School,,landmark,college,175.0,80.25729839631498,13.00987225
Ratnagirishwarar Temple,,landmark,place_of_worship,176.0,80.26719328987934,12.99665615
Relief Dental Hospitals,,landmark,hospital,182.0,80.258947,12.978253
SAN Academy,,landmark,school,178.0,80.2123879,12.9757851
SMK Hospital,,landmark,hospital,181.0,80.260187,12.986383
Sachidanantha Ashram,,landmark,place_of_worship,179.0,80.2309198,12.9789947
Sacred Heart College,,landmark,college,182.0,80.25546964786041,12.98178605
Saibaba Temple,,landmark,place_of_worship,182.0,80.2629518,12.9745263
Saidapet,சைதாப்பேட்டை,landmark,,142.0,80.2237191,13.0233098
Saidapet MTC Terminus,,landmark,bus_station,171.0,80.22766860398332,13.0234129
Saint Louis School for the Deaf and Blind,,landmark,school,175.0,80.24946681049916,13.01219055
Saint Michaels Academy,,landmark,school,175.0,80.25032471109634,13.01060725
Saint Patricks HSS,,landmark,school,175.0,80.25094753753586,13.0120719
Sankara School,,landmark,school,182.0,80.2599537582933,12.9765207
Santosh Hospital Pvt Ltd,,landmark,hospital,181.0,80.2691898,12.995229
Sarswathi Hospital,,landmark,hospital,169.0,80.2067733,12.9653846
School Church,,landmark,place_of_worship,142.0,80.2206968,13.020153
School of Architecture and Planning,,landmark,college,171.0,80.23981680474175,13.0076864
Selliyamman temple,,landmark,place_of_worship,182.0,80.2541337,12.9793385
Shiva Vishnu Temple,,landmark,place_of_worship,176.0,80.2596654,13.0011706
Shiva Vishnu Temple,,landmark,place_of_worship,178.0,80.2179451,12.9715054
Shivasundar Hospital,,landmark,hospital,176.0,80.25747617980895,12.9977694
Shri A. Ganesan Matriculation Higher Secondary School,,landmark,school,179.0,80.22029218430043,12.97266145
Shri A. M. M. Murugappa Chettiar Research Centre,,landmark,college,180.0,80.24222928666327,12.9846518
Shri Venkateshwara Highter Secondary School,,landmark,school,169.0,80.1949092,12.9694645
Sishya,,landmark,school,176.0,80.25914236324508,13.00565065
Sivasakthi Matriculation School,சிவசக்தி மெட்ரிகுலேஷன் பள்ளி,landmark,school,178.0,80.2185153,12.9875802
Spastic Society of india,,landmark,school,180.0,80.25000526119103,12.984843999999999
Sri Adhinath jain Temple,,landmark,place_of_worship,142.0,80.22464654999999,13.02297545
Sri Anantha Padmanaba Swamy Temple,,landmark,place_of_worship,175.0,80.25727741988166,13.007803849999998
Sri Angalaparameswari temple,,landmark,place_of_worship,142.0,80.22242092471097,13.0222394
Sri Bhaktha Anjaneyar Sannadhi of Sri Prasanna venkatesa perumal temple,,landmark,place_of_worship,142.0,80.21962107297401,13.02237815
Sri Chaitanya Techno School,,landmark,school,178.0,80.21791495695471,12.9775619
Sri Dharmaraja Koil,,landmark,place_of_worship,142.0,80.22465378057939,13.02238945
Sri Jalakanteshwara swamy Temple,,landmark,place_of_worship,174.0,80.2418569,13.0019288
Sri Kadumbadi Chinnamman Temple,ஸ்ரீ கடும்பாடி சின்னம்மன் கோயில்,landmark,place_of_worship,142.0,80.21953950184502,13.0246905
Sri Kalyan Hospital,,landmark,hospital,175.0,80.2507134,13.0063976
Sri Krishna Balarama Temple,,landmark,place_of_worship,182.0,80.26736846976809,12.9820617
Sri Muthumariamman Allayam,ஸ்ரீ முத்துமாரியம்மன் ஆலயம்,landmark,place_of_worship,177.0,80.21776390188474,12.9867368
Sri Mylai Karpagavalli Matriculation Higher Secondary School,,landmark,school,176.0,80.25801955,12.9986398
Sri Naagaathamman Aalayam,,landmark,place_of_worship,170.0,80.20657363828244,13.02173615
Sri Prasanna Venkatesa Narasimha Perumal Sannadhi,,landmark,place_of_worship,142.0,80.21662745,13.0228564
Sri Prasanna Venkatesa Narasimha Perumal Temple,,landmark,place_of_worship,142.0,80.21667677490885,13.0228632
Sri Ramanjayaneya Temple,,landmark,place_of_worship,170.0,80.21590855060536,13.0200054
Sri Sankara Senior Secondary School,,landmark,school,176.0,80.26098458158842,13.0099192
Sri Sankara Vidyashram HSS,,landmark,school,182.0,80.2570356976154,12.98527105
Sri Sivasubramanya Swami Temple (Sengundha Kottam),ஸ்ரீ சிவசுப்ரமணிய சுவாமி கோயில் (செங்குந்த கோட்டம் ),landmark,place_of_worship,142.0,80.2201116563093,13.02192815
Sri Sivasubramiya Swamy Temple,,landmark,place_of_worship,142.0,80.22483476095448,13.02406745
Sri Soundareswarar Temple,,landmark,place_of_worship,142.0,80.22141281160056,13.02143635
Sri Varasiddhi Vinayagar Koil,,landmark,place_of_worship,142.0,80.22118012922624,13.0214338
St Antony School,,landmark,school,179.0,80.226075,12.9767972
St Louis Church,,landmark,place_of_worship,175.0,80.24920602308555,13.0109121
St Luke’s Church,,landmark,place_of_worship,173.0,80.2641007,13.0240079
St. Britto's Academy Senior Secondary School,செயின்ட் பிரிட்டோஸ் அகாடமி,landmark,school,177.0,80.21023156385898,12.9932335
St. Johns Matriculation School,,landmark,school,173.0,80.26726666651369,13.02487635
St. Marks Church,புனித மாற்கு தேவாலயம்,landmark,place_of_worship,177.0,80.2065651,12.9864443
St. Marks School,,landmark,school,177.0,80.206505,12.9868373
St. Savio Matriculation Higher secondary school,,landmark,school,179.0,80.22619180000001,12.9817436
St.Johns English School,,landmark,school,176.0,80.266308,13.0017
Starlight Abacus School,,landmark,school,176.0,80.2613841,13.0074771
Starlight Hospitals Pvt Ltd,,landmark,hospital,181.0,80.2601581,12.9864526
Subramanya Temple,அருள்மிகு சுப்பிரமணிய சுவாமி திருக்கோயில்,landmark,place_of_worship,177.0,80.2049757,12.9852789
Sukrthi Nursing Home,,landmark,hospital,169.0,80.2082964,12.9710287
Sunshine Senior Secondary School,,landmark,school,169.0,80.20920704557247,12.97353855
Tamil Nadu Government College of Classical Music,,landmark,college,173.0,80.26288682815513,13.016269999999999
Taramani,,landmark,bus_station,174.0,80.2405568568704,12.98551145
Teacher Training College,,landmark,college,171.0,80.22768849788383,13.0222863
Temple,விநாயகர் கோயில்,landmark,place_of_worship,174.0,80.2342045,12.9871921
Temple,,landmark,place_of_worship,170.0,80.2009643,13.0255652
Temple,,landmark,place_of_worship,179.0,80.2228626,12.9767763
Temple,,landmark,place_of_worship,175.0,80.25175945000001,12.99348755
Thandai Periyar Govt High School,,landmark,school,169.0,80.1970465,12.9705025
The Church of Jesus Christ of Latter-day Saints,தி சர்ச் ஆப் ஜீசஸ் கிறிஸ்ட் ஆப் லேட்டர்-டே செயிண்ட்ஸ்,landmark,place_of_worship,171.0,80.22638952258859,13.014872050000001
The Hindu Senior Secondary School,,landmark,school,175.0,80.25358845390369,12.997485999999999
The Institute of Mathematical Sciences,,landmark,college,180.0,80.2470141,12.9940844
The Institute of Road Transport,,landmark,college,180.0,80.24441499605464,12.9824933
The School Krishnamurti Foundation India,,landmark,school,176.0,80.26339628562127,13.006122300000001
Thirumudi Vinayagar Temple,,landmark,place_of_worship,182.0,80.2590403,12.9814033
Thiruvanmiyur Corporation School,,landmark,school,182.0,80.26107890104387,12.98135025
Thiruvanmiyur MTC Terminus,,landmark,bus_station,182.0,80.25934676180097,12.98680965
Tiruvanmiyur,திருவான்மியூர்,landmark,,180.0,80.2515865,12.9889822
Tt Ranganathan Clinical Research Foundation,,landmark,hospital,175.0,80.25501601577969,12.99255925
Uma Sankaran Siddha Hospital,,landmark,hospital,181.0,80.2624479,12.9916719
"University of Madras, Guindy Campus",,landmark,college,171.0,80.23890213543899,13.00961715
Vanavani Matriculation Higher Secondary School,,landmark,school,174.0,80.23866087449635,12.998415300000001
Varasiddhi Vinayagar Temple,,landmark,place_of_worship,171.0,80.2278856,13.014411
Varasiddhi Vinayakar Koil,,landmark,place_of_worship,176.0,80.2673166,13.0004947
Varasiddhi vinayagar,,landmark,place_of_worship,171.0,80.22788404020721,13.01441805
Vasan,,landmark,hospital,142.0,80.22577756247465,13.0217272
Vasan Eye Care Hospital,,landmark,hospital,175.0,80.2552541,13.0015307
Velachery,வேளச்சேரி,landmark,,179.0,80.2195082,12.9676192
Velachery K S Hospital,,landmark,hospital,178.0,80.2114016,12.9763914
Velachery SABA Hospital,,landmark,hospital,179.0,80.2298924,12.9862735
Vembaliamman Koil,வெம்பாளியம்மன் கோயில்,landmark,place_of_worship,181.0,80.2679528,12.9834049
Vidhya Sagara Brotherhood aided Middle School,,landmark,school,142.0,80.2260961,13.02414085
Vidya Ratna PTS Matriculation Higher Secondary School,,landmark,school,176.0,80.25834020458855,13.0001462
Vidya Vinaya Vinoda Matriculation Hr. Sec. School,,landmark,school,176.0,80.26599955733995,12.998972649999999
Vinayagar Temple,,landmark,place_of_worship,169.0,80.1990359,12.9685307
Wesley Church,,landmark,place_of_worship,174.0,80.21987649568327,13.007270349999999
Xcellent Care Hospital,,landmark,hospital,178.0,80.2184246249641,12.9856002
Xcellent Care Superspeciality Hospital,,landmark,hospital,178.0,80.2181782,12.9833895
YMCA chapel,,landmark,place_of_worship,171.0,80.23643724577062,13.0261669
Yoga Narasimhar Temple,,landmark,place_of_worship,178.0,80.2224743,12.9839182
corporation hospital,,landmark,hospital,182.0,80.25734142248936,12.98468905
sri naagammal temple,,landmark,place_of_worship,180.0,80.2410397942731,12.98611345
مسجد ہادی,ஹதீ மசூதி,landmark,place_of_worship,169.0,80.2079454,12.9726493
அண்ணா பல்கலைக்கழகம்,,landmark,college,171.0,80.2353736,13.0105838
அருள்மிகு வான்மீகி முனிவர் திருக்கோயில்,,landmark,place_of_worship,182.0,80.25971697595693,12.98639575
ஆந்திர மாநில சபா,,landmark,hospital,173.0,80.25956583456849,13.01743015
சின்னமலை,சின்னமலை,landmark,,170.0,80.2241669,13.0146634
சைதாப்பேட்டை,சைதாப்பேட்டை,landmark,,171.0,80.2281244,13.0239952
சைதாப்பேட்டை அரசு மருத்துவமனை,,landmark,hospital,142.0,80.22405105438145,13.020446249999999
மாரியம்மன் கோயில்,,landmark,place_of_worship,171.0,80.2262097,13.0141213
லிட்டில் மௌண்ட் பள்ளி,,landmark,place_of_worship,171.0,80.22711229667178,13.016250750000001
வழக்கு தீர்க்கும் ஸ்ரீ வராஹி வள்ளி அம்மன் ஆலயம்,,landmark,place_of_worship,171.0,80.2268606,13.0130478
AGS Officers Colony,,locality,neighbourhood,177.0,80.2097046,12.9789702
Achutan Nagar,,locality,locality,170.0,80.2010261,13.0202783
Adambakkam,ஆதம்பாக்கம்,locality,suburb,177.0,80.209121,12.9822215
Adyar,அடையாறு,locality,suburb,176.0,80.2577791,13.00645
Ambal Nagar,அம்பாள் நகர்,locality,locality,170.0,80.2044501,13.0183525
Arunachalapuram,,locality,neighbourhood,176.0,80.2608522,13.0087347
Baby Nagar,பேபி நகர்,locality,neighbourhood,179.0,80.2291946,12.9803651
Bakthavatchalam Nagar,,locality,neighbourhood,175.0,80.2530941,13.003406
Balaji Nagar,பாலாஜி நகர்,locality,neighbourhood,169.0,80.1905716,12.9721642
Balaji Nagar,பாலாஜி நகர்,locality,locality,170.0,80.2048683,13.0229157
Besant Nagar,பெசன்ட் நகர்,locality,suburb,176.0,80.2682259,12.9996907
Bhuvaneswary Nagar,,locality,neighbourhood,179.0,80.2219533,12.9699099
"Central Government Officers Quarters, General Pool Accomodation",,locality,neighbourhood,176.0,80.2652826,13.0021964
Damodarapuram,,locality,neighbourhood,176.0,80.2629813,13.0018073
Defence Colony,,locality,locality,170.0,80.1995027,13.0220072
Devendra Nagar,தேவேந்திர நகர்,locality,neighbourhood,182.0,80.25546,12.9787571
Dhandeeswaram,,locality,neighbourhood,179.0,80.224188,12.9826389
Dr Ambedkar Nagar,டாக்டர் அம்பேத்கர் நகர்,locality,neighbourhood,177.0,80.2074843,12.9900554
Ekkattuthangal,ஈக்காட்டுத்தாங்கல்,locality,suburb,170.0,80.2065506,13.0242453
GOCHS Colony,ஜிஓசிஹெச்எஸ் காலனி,locality,neighbourhood,176.0,80.2691711,12.9978724
Gandhinagar,காந்தி நகர்,locality,neighbourhood,175.0,80.2538632,13.0089932
Ganesh Nagar,கணேஷ் நகர்,locality,locality,182.0,80.2581619,12.9794114
Gangai Nagar,கங்கை நகர்,locality,neighbourhood,177.0,80.2159236,12.9835252
Guindy,கிண்டி,locality,suburb,174.0,80.2203646,13.0087095
Indira Nagar,இந்திரா நகர்,locality,locality,175.0,80.2524199,12.9963154
JagannathaPuram,,locality,neighbourhood,178.0,80.2218917,12.9846819
Jeevarathinam Nagar,,locality,neighbourhood,176.0,80.2606946,13.002057
Jothiammal Nagar,,locality,neighbourhood,171.0,80.2288972,13.0195105
Kalaimagal Nagar,,locality,locality,170.0,80.2054266,13.0252903
Kalakshetra Colony,,locality,locality,181.0,80.266422,12.9936352
Kamraj nagar,,locality,locality,182.0,80.2572826,12.9839305
Kannappa Nagar,,locality,neighbourhood,182.0,80.2569078,12.9755547
Karpagam Avenue,,locality,neighbourhood,173.0,80.2678296,13.0219794
Karpagam Garden,கற்பகம் கார்டன்,locality,neighbourhood,176.0,80.2615446,13.0071776
Kasturibai Nagar,கஸ்தூரிபாய் நகர்,locality,neighbourhood,175.0,80.2509384,13.0040436
Kesavaperumalpuram,,locality,neighbourhood,173.0,80.2541184,13.0211245
Kottur Gardens,,locality,neighbourhood,172.0,80.2441277,13.0206311
Kotturpuram,கோட்டூர்புரம்,locality,suburb,172.0,80.2435512,13.0193703
Labour Colony,,locality,neighbourhood,170.0,80.2094084,13.0154717
Lakshmi Hayagriva Nagar,,locality,neighbourhood,177.0,80.212138,12.9854291
Little Mount,சின்னமலை,locality,suburb,171.0,80.2266882,13.0141864
MRC Nagar,,locality,suburb,173.0,80.2706525,13.0196693
Maduvankarai,,locality,locality,174.0,80.2106556,13.0020222
NGO Colony,என்.ஜி.ஓ. காலனி,locality,neighbourhood,177.0,80.2077603,12.9948953
Nava Bharath Colony,நவ பரத் காலனி,locality,neighbourhood,181.0,80.2666669,12.9900052
Navaratna Gardens,,locality,locality,170.0,80.201086,13.0230861
New Colony,,locality,neighbourhood,179.0,80.2322973,12.9827099
PTC Colony,,locality,neighbourhood,182.0,80.2565187,12.9763834
Padmanabha Nagar,பத்மநாப நகர்,locality,neighbourhood,176.0,80.2587292,13.0045512
Parameswari Nagar,பரமேஸ்வரி நகர்,locality,neighbourhood,176.0,80.2581254,13.0027868
Puzhuthivakkam,புழுதிவாக்கம்,locality,suburb,169.0,80.2062626,12.9691428
Radhakrishnan Nagar,ராதாகிருஷ்ணன் நகர்,locality,locality,181.0,80.2586907,12.994345
Raj Bhavan,ராஜ் பவன்,locality,neighbourhood,174.0,80.2263985,13.0079401
Rajalakshmi Nagar,,locality,neighbourhood,178.0,80.2187428,12.9852883
Ram Nagar,ராம் நகர்,locality,neighbourhood,169.0,80.2118131,12.9653558
Ramakrishna Nagar,ராமகிருஷ்ணா நகர்,locality,neighbourhood,173.0,80.261062,13.024366
Ramalinga Nagar,,locality,neighbourhood,169.0,80.2058513,12.9675942
SIDCO Industrial Estate,சிட்கோ தொழிற்பேட்டை,locality,suburb,170.0,80.2091208,13.01407
Saidapet,சைதாப்பேட்டை,locality,suburb,142.0,80.2239536,13.020817
Seethapathy Nagar,,locality,neighbourhood,179.0,80.2270333,12.9819509
Seshadripuram,,locality,neighbourhood,179.0,80.2306689,12.9798387
Seva Nagar Velachery,,locality,neighbourhood,179.0,80.2293212,12.9864108
Shastri Nagar,சாஸ்திரி நகர்,locality,neighbourhood,176.0,80.2599116,12.9987729
Sony Nagar,சோனி நகர்,locality,neighbourhood,179.0,80.2279906,12.9865105
Srinagar Colony,ஸ்ரீநகர் காலனி,locality,neighbourhood,171.0,80.2302782,13.0134666
Srinivasa Nagar,சீனிவாச நகர்,locality,locality,182.0,80.2600077,12.9749674
Sriram Nagar,ஸ்ரீராம் நகர்,locality,neighbourhood,172.0,80.2443172,13.0035494
Sriram Nagar,ஸ்ரீராம் நகர்,locality,locality,181.0,80.2606111,12.9909416
Sundar Nagar,சுந்தர் நகர்,locality,locality,170.0,80.1987308,13.016778
TNHB Colony,டீஎன்ஹெச்பி காலனி,locality,neighbourhood,177.0,80.2120593,12.9914196
Tansi Nagar,டான்சி நகர்,locality,neighbourhood,179.0,80.2234467,12.9774585
Taramani,தரமணி,locality,suburb,180.0,80.2404069,12.9849067
Teachers Colony,,locality,locality,182.0,80.2661849,12.9833689
Thiruvanmiyur,திருவான்மியூர்,locality,suburb,181.0,80.2644215,12.9858948
Tiruvalluvar Nagar,திருவள்ளுவர் நகர்,locality,locality,182.0,80.2625371,12.9770564
Tiruvalluvar Nagar,திருவள்ளுவர் நகர்,locality,neighbourhood,172.0,80.2458186,13.0181474
Todhunter Nagar,,locality,neighbourhood,171.0,80.2308086,13.0226153
Udhayam Nagar,உதயம் நகர்,locality,neighbourhood,179.0,80.2321701,12.9791677
Ullagaram,உல்லகரம்,locality,suburb,168.0,80.1967196,12.9765868
Union Carbide Colony,யூனியன் கார்பைட் காலனி,locality,neighbourhood,169.0,80.1931481,12.9739802
Urur Kuppam,,locality,neighbourhood,176.0,80.2732889,13.0041761
VGP Selva Nagar,,locality,neighbourhood,179.0,80.2211034,12.9712216
Valmiki Nagar,வால்மீகி நகர்,locality,locality,182.0,80.2645577,12.9804404
Vannanthurai,,locality,locality,176.0,80.2616099,12.9968645
Varadapuram,,locality,neighbourhood,172.0,80.2459988,13.0154212
Venkateswara Nagar,வெங்கடேஸ்வரா நகர்,locality,neighbourhood,176.0,80.2620566,13.00328
Venus Colony,வீனஸ் காலனி,locality,neighbourhood,179.0,80.2277223,12.9743952
Vijaynagar,விஜயநகர்,locality,neighbourhood,178.0,80.2209882,12.9757425
Vikram Sarabhai Industrial Estate,விக்ரம் சாராபாய் தொழிற்பேட்டை,locality,neighbourhood,180.0,80.2508748,12.9809554
"[""Broadie's Castle Road""]",,road,['primary'],173.0,80.2628469,13.020367
"[""Elliot's Beach Promenade"" 'Annai Velankanni Road']",,road,['tertiary'],181.0,80.2702291,12.9954402
"[""Elliot's Beach Promenade""]",,road,['tertiary'],176.0,80.2720311,13.0027511
"[""Elliot's Beach Promenade""]",,road,['tertiary'],,80.2717557,13.0018913
"[""Elliot's Beach Promenade""]",,road,['tertiary'],181.0,80.2704731,12.9956152
['100 Feet Road' 'Velachery Bypass Road'],,road,['primary'],178.0,80.2189747,12.9789466
['100 Feet Road'],,road,['primary'],178.0,80.2196751,12.976714
['10th Cross Street'],,road,['residential'],175.0,80.2519214,12.9967641
['10th Cross Street'],,road,['residential'],176.0,80.2611921,12.9977188
['10th Lane'],,road,['residential'],176.0,80.2575677,12.9983148
['10th Lane'],,road,['residential'],175.0,80.2514717,12.9936128
['10th Main Road'],,road,['residential'],178.0,80.2171098,12.9722985
['10th Street'],,road,['residential'],177.0,80.2123428,12.9918454
['10th Street'],,road,['residential'],182.0,80.257021,12.9841739
['10th Street'],,road,['living_street'],174.0,80.2199565,13.0026918
['11th Cross Street'],,road,['residential'],175.0,80.2503963,12.9958285
['11th Lane'],,road,['residential'],175.0,80.251574,12.9932467
['11th Main Road'],,road,['residential'],178.0,80.2170494,12.9718764
['11th Street'],,road,['residential'],177.0,80.2101377,12.9904151
['11th Street'],,road,['residential'],182.0,80.2639853,12.9779647
['11th Street'],,road,['living_street'],174.0,80.2198023,13.0024631
['12st Street' '2nd Cross Street'],,road,['residential'],177.0,80.2158272,12.9858345
['12st Street'],,road,['residential'],177.0,80.2153798,12.9860023
['12th Cross Street'],,road,['residential'],177.0,80.2086308,12.9904976
['12th Lane'],,road,['residential'],175.0,80.2511715,12.9927526
['12th Main Road'],,road,['residential'],178.0,80.2183747,12.9713278
['12th Street' '11th Street'],,road,['residential'],177.0,80.2104311,12.9915472
['12th Street' '11th Street'],,road,['residential'],182.0,80.2569616,12.9837802
['12th Street'],,road,['residential'],177.0,80.2113094,12.9913117
['12th Street'],,road,['residential'],182.0,80.257056,12.9841699
['13th Cross Street'],,road,['residential'],175.0,80.2500428,12.9986496
['13th Lane'],,road,['residential'],175.0,80.2522244,12.9926366
['13th Main Road'],,road,['residential'],178.0,80.2175333,12.9710802
['13th Street' '9th Street' '14th Street'],,road,['residential'],182.0,80.2556359,12.9845565
['14th Cross Street'],,road,['residential'],175.0,80.2494288,12.9996014
['14th Lane'],,road,['residential'],175.0,80.2523381,12.992267
['14th Street'],,road,['residential'],182.0,80.2631376,12.9788279
['15th East Street' '17th East Street'],,road,['residential'],182.0,80.2553794,12.9826131
['15th East Street'],,road,['residential'],182.0,80.2554354,12.9830193
['15th Lane'],,road,['residential'],175.0,80.2525619,12.9914629
['15th Street'],,road,['residential'],182.0,80.2635434,12.9785327
['15th cross street'],,road,['residential'],176.0,80.257053,13.0002509
['16th Cross Street'],,road,['residential'],175.0,80.2525731,12.9943125
['16th East Street'],,road,['residential'],182.0,80.2568776,12.982875
['17th Cross Street'],,road,['residential'],175.0,80.2527687,12.9907256
['17th Street'],,road,['residential'],182.0,80.2640327,12.9787634
['18th Cross Street'],,road,['residential'],175.0,80.25244,12.9918844
['18th East Street'],,road,['residential'],182.0,80.2568776,12.982875
['18th Street'],,road,['residential'],182.0,80.264823,12.9787064
['1st Avenue'],,road,['residential'],181.0,80.2593159,12.989274
['1st Avenue'],,road,['residential'],170.0,80.1986594,13.0174932
['1st Canal Cross Street'],,road,['residential'],175.0,80.2502396,13.0084631
['1st Cross Road'],,road,['residential'],177.0,80.2068777,12.9818813
['1st Cross Road'],,road,['residential'],,80.2066853,12.9812165
['1st Cross Street' '3rd Avenue'],,road,['residential'],170.0,80.1994576,13.0172389
['1st Cross Street'],,road,['residential'],175.0,80.2569106,13.0084536
['1st Cross Street'],,road,['residential'],171.0,80.2284971,13.0279229
['1st Cross Street'],,road,['residential'],181.0,80.261103,12.992153
['1st Cross Street'],,road,['residential'],173.0,80.2681772,13.0206702
['1st Cross Street'],,road,['residential'],170.0,80.2045432,13.0251451
['1st Cross Street'],,road,['residential'],177.0,80.2165878,12.9826623
['1st Cross Street'],,road,['residential'],176.0,80.2628317,13.0069552
['1st East Street' 'Sivasundar 2nd Avenue'],,road,['residential'],181.0,80.2579567,12.9886468
['1st East Street'],,road,['residential'],181.0,80.2572238,12.9887427
['1st Loop Street'],,road,['residential'],172.0,80.2455939,13.0213696
['1st Main Road'],,road,['secondary'],171.0,80.2311372,13.026975
['1st Main Road'],,road,['residential'],176.0,80.2714589,13.0029013
['1st Main Road'],,road,['residential'],177.0,80.2107593,12.9791649
['1st Main Road'],,road,['residential'],180.0,80.2558412,12.9881896
['1st Main Road'],,road,['residential'],182.0,80.2610076,12.9780677
['1st Main Road'],,road,['secondary'],,80.230653,13.0307619
['1st Road'],,road,['residential'],169.0,80.1999796,12.9712297
['1st Seaward Link Road'],,road,['residential'],182.0,80.2652381,12.9819853
['1st Seaward Road'],,road,['residential'],182.0,80.2618754,12.9827294
['1st Street'],,road,['residential'],176.0,80.2579956,13.0061075
['1st Street'],,road,['residential'],175.0,80.2516718,13.0042544
['1st Street'],,road,['residential'],181.0,80.2615527,12.9908957
['1st Street'],,road,['residential'],171.0,80.2282271,13.019966
['1st Street'],,road,['residential'],169.0,80.2054976,12.9690176
['1st Street'],,road,['residential'],177.0,80.2103552,12.9923752
['1st Street'],,road,['residential'],179.0,80.2259433,12.9752532
['1st Street'],,road,['residential'],182.0,80.2614861,12.9778833
['1st Street'],,road,['living_street'],173.0,80.2648631,13.0235701
['1st Street'],,road,['residential'],142.0,80.2122407,13.021463
"['1st Street, Balaji Nagar']",,road,['residential'],170.0,80.2063264,13.0222375
['1st cross street'],,road,['residential'],176.0,80.2642905,13.000668
['1st main road'],,road,['residential'],169.0,80.2036753,12.9665376
['1st steet extension'],,road,['residential'],169.0,80.2075157,12.9698721
['20th Cross Street'],,road,['residential'],180.0,80.2519594,12.9892416
['20th Cross Street'],,road,['residential'],175.0,80.2515548,12.9911725
['20th Street' '19th Street'],,road,['residential'],182.0,80.2579929,12.9821101
['20th Street' '23rd Street'],,road,['residential'],182.0,80.2647863,12.9779073
['20th Street'],,road,['residential'],182.0,80.2648389,12.9784232
['21st Cross Street'],,road,['residential'],175.0,80.2525731,12.9943125
['21st Street' '22nd Street'],,road,['residential'],182.0,80.2643216,12.9781791
['21st Street'],,road,['residential'],179.0,80.2245356,12.9758328
['21st Street'],,road,['residential'],182.0,80.2575691,12.9831744
['22nd East Street Ext'],,road,['residential'],182.0,80.2576402,12.9837645
['22nd Link Street'],,road,['residential'],175.0,80.2542747,12.995446
['22nd Street'],,road,['primary'],182.0,80.2594369,12.9839318
['23rd Street'],,road,['residential'],168.0,80.190153,12.9806923
['23rd Street'],,road,['residential'],182.0,80.2642979,12.9779423
['24th Cross Street'],,road,['residential'],175.0,80.2533163,12.9937692
['24th Street'],,road,['residential'],182.0,80.2659671,12.977515
['25th Cross Street'],,road,['residential'],175.0,80.255249,12.9938272
['25th Street'],,road,['residential'],182.0,80.2651628,12.9783967
['265h Cross Street'],,road,['residential'],175.0,80.2546552,12.9917919
['26th East Street'],,road,['residential'],182.0,80.2579753,12.9861847
['26th Street'],,road,['residential'],182.0,80.2651628,12.9783967
['28th Cross Street'],,road,['residential'],175.0,80.2520078,12.9902198
['28th Street'],,road,['residential'],182.0,80.2654786,12.977538
['29 th Main Road'],,road,['residential'],175.0,80.2553068,12.9901572
['29 th Main Road'],,road,['residential'],180.0,80.2546116,12.9895944
['29th Cross Street'],,road,['residential'],175.0,80.255511,12.990229
['29th Cross Street'],,road,['residential'],181.0,80.2646633,12.995112
['29th Street' '30th Street'],,road,['residential'],182.0,80.2653532,12.9766262
['29th Street'],,road,['residential'],182.0,80.26483,12.9766715
['2nd Avenue Ext 2'],,road,['tertiary'],175.0,80.2521269,12.9951162
['2nd Avenue'],,road,['residential'],177.0,80.2127262,12.9917476
['2nd Avenue'],,road,['residential'],181.0,80.2599676,12.9903007
['2nd Avenue'],,road,['residential'],170.0,80.1990234,13.0173037
['2nd Avenue'],,road,['secondary'],176.0,80.2668833,13.0000255
['2nd Border Street'],,road,['residential'],171.0,80.225462,13.026593
['2nd Canal Cross Street'],,road,['residential'],175.0,80.248722,13.0091332
['2nd Cros Street'],,road,['residential'],170.0,80.1990998,13.0160999
['2nd Cross Lane'],,road,['residential'],177.0,80.216766,12.980646
['2nd Cross Road'],,road,['residential'],177.0,80.2160014,12.9816751
['2nd Cross Street' '1st Cross Street'],,road,['residential'],170.0,80.204443,13.0244042
['2nd Cross Street' '9th Cross Street'],,road,['residential'],177.0,80.2054567,12.9828264
['2nd Cross Street'],,road,['residential'],175.0,80.2544138,13.0067192
['2nd Cross Street'],,road,['residential'],173.0,80.2617662,13.0212936
['2nd Cross Street'],,road,['residential'],171.0,80.2287902,13.0274874
['2nd Cross Street'],,road,['residential'],172.0,80.2451003,13.0115724
['2nd Cross Street'],,road,['tertiary'],177.0,80.2071813,12.9913918
['2nd Cross Street'],,road,['tertiary'],,80.2058473,12.9919874
['2nd Cross Street'],,road,['residential'],176.0,80.2613448,13.0064853
['2nd Cross Street'],,road,['residential'],181.0,80.2601773,12.9925825
['2nd Cross Street'],,road,['residential'],182.0,80.2564122,12.9753932
['2nd Cross'],,road,['residential'],176.0,80.2668242,13.0018678
['2nd East Street'],,road,['residential'],181.0,80.2565488,12.9888277
['2nd East Street'],,road,['residential'],182.0,80.2564266,12.9876354
['2nd Lane'],,road,['residential'],175.0,80.2503702,12.9987279
['2nd Lane'],,road,['residential'],176.0,80.2597173,13.0004099
['2nd Link Street'],,road,['residential'],176.0,80.2629282,13.0074152
['2nd Loop Street'],,road,['residential'],172.0,80.2456829,13.0209303
['2nd Main Road' '3rd Cross Street'],,road,['residential'],176.0,80.261406,13.005999
['2nd Main Road'],,road,['residential'],173.0,80.2602598,13.022328
['2nd Main Road'],,road,['residential'],175.0,80.2528206,13.0111942
['2nd Main Road'],,road,['tertiary'],,80.1920289,12.9828515
['2nd Main Road'],,road,['residential'],172.0,80.2452558,13.0209036
['2nd Main Road'],,road,['tertiary'],168.0,80.1917865,12.9804971
['2nd Main Road'],,road,['residential'],176.0,80.2722686,13.0026861
['2nd Main Road'],,road,['residential'],177.0,80.2103069,12.9787681
['2nd Main Road'],,road,['residential'],182.0,80.2578886,12.9750362
['2nd Seaward Road'],,road,['residential'],182.0,80.2618192,12.9820054
['2nd Street' '1st Street'],,road,['residential'],,80.2592985,12.9748375
['2nd Street' '3rd Street'],,road,['residential'],172.0,80.2472118,13.0111722
['2nd Street' '3rd Street'],,road,['residential'],176.0,80.2588798,13.0047403
['2nd Street' '3rd Street'],,road,['residential'],182.0,80.2615033,12.9782136
['2nd Street' 'Raj Colony'],,road,['residential'],181.0,80.2604175,12.9955483
['2nd Street' 'Sakthi Vijayalkshmi Road'],,road,['residential'],177.0,80.2167392,12.9860626
['2nd Street'],,road,['residential'],171.0,80.2260559,13.0289763
['2nd Street'],,road,['residential' 'living_street'],176.0,80.2621676,13.0017503
['2nd Street'],,road,['residential'],173.0,80.2565563,13.0230633
['2nd Street'],,road,['residential'],172.0,80.2461832,13.0161467
['2nd Street'],,road,['residential'],168.0,80.1990536,12.9791407
['2nd Street'],,road,['residential'],177.0,80.2109289,12.9931094
['2nd Street'],,road,['residential'],182.0,80.260411,12.9747577
['2nd Street'],,road,['residential'],175.0,80.2546365,13.0037278
['2nd Street'],,road,['residential'],181.0,80.2592549,12.9957164
['2nd Street'],,road,['residential'],170.0,80.2016669,13.0204518
['2nd Street'],,road,['residential'],174.0,80.2131585,13.000596
"['2nd Street, Lakshmi Nagar']",,road,['residential'],,80.189243,12.9795242
['2nd West street'],,road,['residential'],180.0,80.2545795,12.9872021
['2nd main road'],,road,['residential'],169.0,80.2063676,12.9657361
['30th Cross Street'],,road,['residential'],181.0,80.2661625,12.9953868
['30th Street'],,road,['living_street'],174.0,80.2181795,13.0009068
['31st Cross Street'],,road,['residential'],176.0,80.2634135,12.9966741
['31st Street'],,road,['residential'],182.0,80.264849,12.9768172
['32nd Street'],,road,['residential'],182.0,80.2642822,12.9764238
['34th Street'],,road,['residential'],182.0,80.2633485,12.9767755
['35th Cross Street'],,road,['residential'],181.0,80.2633529,12.9961527
['35th Cross Street'],,road,['residential'],176.0,80.2634135,12.9966741
['35th Street' '33rd Street'],,road,['residential'],182.0,80.2628034,12.9768135
['35th Street'],,road,['residential'],182.0,80.2638883,12.9767329
['38th Lane'],,road,['residential'],177.0,80.2121864,12.9923669
['38th Street'],,road,['residential'],182.0,80.2616494,12.9770507
['39th Street'],,road,['residential'],182.0,80.2614606,12.9774959
['3rd Avenue' '1st Cross Street'],,road,['residential'],170.0,80.1994576,13.0172389
['3rd Avenue'],,road,['secondary'],176.0,80.2695925,13.0048287
['3rd Avenue'],,road,['residential'],182.0,80.2658904,12.976944
['3rd Canal Cross Street'],,road,['residential'],175.0,80.2502695,13.0103529
['3rd Cross Street' '2nd Main Road'],,road,['residential'],176.0,80.261406,13.005999
['3rd Cross Street'],,road,['residential'],175.0,80.2515709,13.0096136
['3rd Cross Street'],,road,['residential'],173.0,80.260649,13.023621
['3rd Cross Street'],,road,['residential'],170.0,80.2035182,13.0248236
['3rd Cross Street'],,road,['residential'],176.0,80.2578593,12.9990024
['3rd Cross Street'],,road,['residential'],181.0,80.2585226,12.9934004
['3rd Cross Street'],,road,['residential'],182.0,80.2564122,12.9753932
['3rd Cross Street'],,road,['residential'],,80.1982238,13.0158943
['3rd Cross Street'],,road,['residential'],177.0,80.2154538,12.9860749
['3rd Cross'],,road,['residential'],176.0,80.2645649,12.999181
['3rd East Street' '4th East Street'],,road,['residential'],181.0,80.259499,12.9879976
['3rd East Street'],,road,['residential'],181.0,80.2581323,12.9881247
['3rd Lane'],,road,['residential'],176.0,80.2596777,13.0000709
['3rd Lane'],,road,['residential'],175.0,80.2502081,12.9992911
['3rd Loop Street'],,road,['residential'],172.0,80.2427389,13.0198689
['3rd Main Road' '1st Street'],,road,['residential'],182.0,80.2582111,12.9753862
['3rd Main Road' 'Chandru Street'],,road,['residential'],179.0,80.2236019,12.9693575
['3rd Main Road' 'Indira Nagar 2nd Avenue'],,road,['tertiary' 'residential'],175.0,80.2537538,12.9959571
['3rd Main Road'],,road,['secondary'],,80.2329391,13.0270637
['3rd Main Road'],,road,['residential'],175.0,80.2525742,13.00992
['3rd Main Road'],,road,['residential'],182.0,80.2578841,12.9856093
['3rd Main Road'],,road,['residential'],172.0,80.2429187,13.020356
['3rd Main Road'],,road,['residential'],177.0,80.2116397,12.9785906
['3rd Main Road'],,road,['residential'],178.0,80.2185518,12.9748205
['3rd Main Road'],,road,['residential'],179.0,80.2233612,12.985474
['3rd Seaward Road'],,road,['residential'],182.0,80.2625426,12.9812804
['3rd Street'],,road,['residential'],173.0,80.2640023,13.0232046
['3rd Street'],,road,['residential'],172.0,80.2462949,13.0173606
['3rd Street'],,road,['residential'],171.0,80.228572,13.0198913
['3rd Street'],,road,['residential'],177.0,80.212922,12.9844852
['3rd Street'],,road,['residential'],181.0,80.2584729,12.99574
['3rd Street'],,road,['residential'],176.0,80.2585831,12.9966817
['3rd Street'],,road,['residential'],175.0,80.2546272,13.00315
['3rd Street'],,road,['residential'],182.0,80.2560941,12.9770204
['3rd Street'],,road,['residential'],170.0,80.2013433,13.0198494
['3rd Street'],,road,['residential'],174.0,80.2125791,13.0004965
['3rd main road sivaram Street'],,road,['residential'],169.0,80.2116252,12.9662165
['3rd main road'],,road,['residential'],169.0,80.2086205,12.9657171
['3rd road'],,road,['residential'],169.0,80.1996009,12.9708006
['40th Lane'],,road,['residential'],177.0,80.2132606,12.9924966
['41st Street'],,road,['living_street'],182.0,80.2610158,12.9757245
['42nd Street'],,road,['living_street'],182.0,80.2610513,12.9759701
['43rd Street'],,road,['living_street'],182.0,80.2619446,12.9761656
['44th Street'],,road,['living_street'],182.0,80.2614399,12.9757074
['47th Street'],,road,['residential'],182.0,80.2603406,12.9769099
['48th Street'],,road,['residential'],182.0,80.2603562,12.9771622
['48th Street'],,road,['living_street'],177.0,80.2133824,12.991868
['49th Street'],,road,['residential'],182.0,80.2603288,12.9767153
['4th Avenue'],,road,['residential'],175.0,80.2557241,12.9931524
['4th Avenue'],,road,['residential'],,80.1988393,13.0144972
['4th Avenue'],,road,['residential'],170.0,80.1990434,13.0156401
['4th Cross Street' '2nd Main Road'],,road,['residential'],177.0,80.2091244,12.9871426
['4th Cross Street' '3rd Main Road'],,road,['residential'],182.0,80.2571406,12.9756733
['4th Cross Street' '5th Cross Street' '9th Cross Street'],,road,['residential'],176.0,80.2613188,13.0055744
['4th Cross Street'],,road,['residential'],175.0,80.2502472,13.0087548
['4th Cross Street'],,road,['residential'],173.0,80.2611924,13.0229173
['4th Cross Street'],,road,['residential'],176.0,80.2646347,12.9997897
['4th Cross Street'],,road,['residential'],177.0,80.2159843,12.9818408
['4th Cross Street'],,road,['residential'],174.0,80.2423543,12.9956567
['4th Cross Street'],,road,['residential'],,80.2556213,12.9741527
['4th Cross Street'],,road,['residential'],180.0,80.241048,12.979303
['4th Cross Street'],,road,['residential'],170.0,80.2033889,13.0240177
['4th Lane'],,road,['residential'],176.0,80.2588168,12.9998383
['4th Main Road Ext'],,road,['residential'],172.0,80.2459388,13.0200417
['4th Main Road' 'Venus Colony 1st street'],,road,['residential'],179.0,80.2275575,12.9727466
['4th Main Road'],,road,['residential'],175.0,80.2484385,13.0043858
['4th Main Road'],,road,['secondary'],182.0,80.2548769,12.9835678
['4th Main Road'],,road,['residential'],,80.2340891,13.0283179
['4th Main Road'],,road,['tertiary'],171.0,80.2346943,13.0287122
['4th Main Road'],,road,['residential'],177.0,80.2067214,12.9818777
['4th Main Road'],,road,['residential'],178.0,80.2191585,12.9744912
['4th Main Road'],,road,['residential'],179.0,80.2259094,12.9720509
['4th Seaward Road'],,road,['residential'],182.0,80.2616185,12.9799209
['4th Street venkateshwara nagar'],,road,['residential'],176.0,80.2621728,13.0036373
['4th Street' '5th Street' 'Astalakshmi Nagar 2nd Street'],,road,['residential'],177.0,80.2146041,12.9850883
['4th Street' 'Damodarapuram 3rd Street'],,road,['residential' 'living_street'],176.0,80.2626125,13.0024324
['4th Street'],,road,['residential'],171.0,80.2301814,13.0187375
['4th Street'],,road,['residential'],175.0,80.2519261,13.0026108
['4th Street'],,road,['living_street'],181.0,80.2623491,12.9920942
['4th Street'],,road,['residential'],176.0,80.2575758,13.0017231
['4th Street'],,road,['residential'],172.0,80.2445168,13.0174879
['4th Street'],,road,['residential'],182.0,80.2655356,12.9832895
['4th Street'],,road,['residential'],168.0,80.1909397,12.9778407
['4th cross road'],,road,['residential'],169.0,80.2116744,12.967805
['4th street' 'Annai Therasa Nagar 2nd Street'],,road,['residential'],169.0,80.2048404,12.9693019
['4th street'],,road,['residential'],169.0,80.2073358,12.9683075
['5 Cross Street'],,road,['residential'],177.0,80.2058157,12.984276
['50th Street'],,road,['residential'],182.0,80.2607002,12.9764779
['51st Street'],,road,['residential'],182.0,80.2603288,12.9767153
['52nd Street'],,road,['residential'],182.0,80.2594952,12.9769851
['53rd Street'],,road,['residential'],182.0,80.2595132,12.9772272
['54th Street'],,road,['residential'],182.0,80.2595132,12.9772272
['5th Avenue'],,road,['tertiary'],176.0,80.2688769,13.0035774
['5th Cross Street'],,road,['residential'],176.0,80.2577361,12.9980849
['5th Cross Street'],,road,['residential'],169.0,80.2071039,12.9652732
['5th Cross Street'],,road,['residential'],175.0,80.2527236,12.9959253
['5th Cross Street'],,road,['residential'],170.0,80.2046771,13.0240046
['5th East Street'],,road,['residential'],182.0,80.2572341,12.9874747
['5th Lane'],,road,['residential'],175.0,80.2528833,12.9979575
['5th Main Road'],,road,['residential'],175.0,80.2502105,13.0039566
['5th Main Road'],,road,['residential'],178.0,80.2190119,12.9738405
['5th Main Road'],,road,['residential'],177.0,80.2135758,12.9832734
['5th Main Road'],,road,['residential'],182.0,80.2638613,12.9764472
['5th Street'],,road,['residential'],171.0,80.2287455,13.0194147
['5th Street'],,road,['residential'],177.0,80.2133581,12.9928469
['5th Street'],,road,['residential'],175.0,80.2540626,13.0021651
['5th Street'],,road,['residential'],176.0,80.2628061,13.0030171
['5th Street'],,road,['residential'],182.0,80.2611437,12.9788504
['5th Street'],,road,['living_street'],181.0,80.261673,12.9926829
['5th main road'],,road,['residential'],175.0,80.2512915,13.0038007
['67th Lane'],,road,['residential'],177.0,80.2116119,12.9912334
['69th cross Street'],,road,['residential'],182.0,80.2664318,12.9816484
['6th Cross Street' '7th Cross Street' '8th cross street'],,road,['residential'],176.0,80.2613222,13.0043291
['6th Cross Street'],,road,['residential'],175.0,80.2510024,12.998556
['6th Cross Street'],,road,['residential'],176.0,80.2577327,12.9974962
['6th Lane'],,road,['residential'],175.0,80.2526928,12.9982502
['6th Lane'],,road,['residential'],176.0,80.2595306,12.9994102
['6th Main Road' '3rd Avenue'],,road,['residential'],182.0,80.2657995,12.9763312
['6th Main Road'],,road,['residential'],178.0,80.2171697,12.9741773
['6th Main Road'],,road,['residential'],175.0,80.2484974,13.0034608
['6th Main Road'],,road,['residential'],182.0,80.2638613,12.9764472
['6th Street' '1st Main Road'],,road,['residential'],182.0,80.2612225,12.9791683
['6th Street'],,road,['residential'],177.0,80.2132966,12.9915923
['6th Street'],,road,['residential'],169.0,80.2118118,12.968817
['6th Street'],,road,['residential'],182.0,80.2560713,12.9838628
['6th Street'],,road,['residential'],,80.2032199,12.9860147
['70 Feet Road' 'Reddy Kuppam Road' 'Aranganathan Subway'],,road,['secondary'],171.0,80.2243631,13.0284035
['70 Feet Road'],,road,['secondary'],171.0,80.2274644,13.0302666
['70th Lane'],,road,['living_street'],177.0,80.2118957,12.9911588
['7th C ross Street'],,road,['residential'],176.0,80.2655275,12.9981987
['7th Cross Street' '8th cross street' '6th Cross Street'],,road,['residential'],176.0,80.2613222,13.0043291
['7th Cross Street'],,road,['residential'],177.0,80.2112061,12.9788912
['7th Cross Street'],,road,['residential'],175.0,80.2503968,12.9979463
['7th Lane'],,road,['residential'],176.0,80.2595743,12.9991141
['7th Lane'],,road,['living_street'],175.0,80.2516736,12.9990839
['7th Main Road Kasthuribai Nagar' '7th Main Road'],,road,['residential'],175.0,80.249116,13.0030903
['7th Main Road'],,road,['residential'],,80.2561617,13.0240192
['7th Main Road'],,road,['residential'],178.0,80.2181664,12.9735563
['7th Main Road'],,road,['residential'],182.0,80.2589533,12.9758994
['7th Main Road'],,road,['residential'],175.0,80.2505915,13.0024425
['7th Street'],,road,['residential'],177.0,80.2143368,12.9866607
['8th Cross Street'],,road,['residential'],176.0,80.2621093,12.9976568
['8th Cross Street'],,road,['residential'],175.0,80.2505523,12.9974318
['8th Lane'],,road,['residential'],176.0,80.2588168,12.9998383
['8th Main Road Kasthuribai Nagar'],,road,['residential'],175.0,80.2502618,13.0028642
['8th Main Road'],,road,['residential'],178.0,80.2181852,12.9731871
['8th Main Road'],,road,['residential'],175.0,80.249083,13.0025095
['8th Street' '7th Street'],,road,['residential'],182.0,80.2628403,12.9781726
['8th Street'],,road,['residential'],182.0,80.2571085,12.9845884
['9th Cross Street'],,road,['residential'],175.0,80.2517819,12.9972774
['9th Cross Street'],,road,['residential'],176.0,80.260061,12.9978166
['9th Lane'],,road,['residential'],176.0,80.2570235,12.9987834
['9th Main Road'],,road,['residential'],178.0,80.2181858,12.9726714
['9th Street' '11th Street'],,road,['residential'],177.0,80.2141602,12.9856921
['9th Street'],,road,['residential'],171.0,80.229138,13.0194656
['9th Street'],,road,['residential'],177.0,80.2126489,12.9900362
['9th Street'],,road,['residential'],182.0,80.2619276,12.9778225
['A.G.S. Colony 2nd Street'],,road,['residential'],169.0,80.2088469,12.9725533
['A.G.S. Colony 3rd Street' 'A.G.S. Colony 1st Street'],,road,['residential'],169.0,80.2087777,12.9721159
['A.G.S. Colony 3rd Street'],,road,['residential'],169.0,80.209119,12.9728693
['AGS Colony 4th Main Road'],,road,['residential'],177.0,80.2121558,12.9782455
['Aalwar Nagar 1st Street'],,road,['residential'],168.0,80.1906364,12.9769392
['Abdul Razaak 1st Street'],,road,['residential'],142.0,80.2239858,13.0182727
['Abdul Razzak Street'],,road,['residential'],142.0,80.2241596,13.0194654
['Abith Colony Main Road'],,road,['residential'],142.0,80.2199203,13.0190722
['Abraham Bridge' 'Alandur Road'],,road,['secondary'],170.0,80.2167651,13.0168145
['Abraham Street'],,road,['residential'],168.0,80.19224,12.9773442
['Adikesavan Street'],,road,['residential'],142.0,80.218012,13.026301
['Adyar Flyover'],,road,['secondary'],175.0,80.2574199,13.0059882
['Adyar Flyover'],,road,['primary'],176.0,80.2591073,13.0085578
['Aerospace Engineering road'],,road,['living_street'],174.0,80.228828,12.9915678
['Agasthiyar Street'],,road,['residential'],180.0,80.2383434,12.9835604
['Agastya Street'],,road,['residential'],174.0,80.2113535,12.9975445
['Akbar Street'],,road,['residential'],180.0,80.2410702,12.9828399
['Al Mudaliar Street'],,road,['residential'],177.0,80.2129036,12.9939607
['Alandur Road'],,road,['tertiary'],142.0,80.2214246,13.0203382
['Alandur Road'],,road,['secondary'],170.0,80.2154695,13.0160317
['Alex Street'],,road,['residential'],168.0,80.1947672,12.980665
['Ambadi Road'],,road,['residential'],172.0,80.2411869,13.0206753
['Ambal Nagar Main'],,road,['tertiary'],170.0,80.2030144,13.0181219
['Ambedhkar Main Road'],,road,['residential'],179.0,80.2325579,12.9830949
['Ambedkar Street'],,road,['living_street'],180.0,80.2421416,12.9824116
['Ambedkar Street'],,road,['residential'],168.0,80.1917248,12.9799745
['Ambigapathy Street'],,road,['residential'],169.0,80.2084297,12.9700368
['Ambika Cross Street'],,road,['residential'],179.0,80.2309875,12.9849696
['Ambika street'],,road,['tertiary'],179.0,80.2308378,12.9844321
['Amman Koil Street'],,road,['residential'],177.0,80.2116992,12.983839
['Amnbil Dharmalingam Street'],,road,['residential'],174.0,80.2167808,12.993817
['Amnbil Dharmalingam Street'],,road,['residential'],177.0,80.2157133,12.9923306
['Amuda Street'],,road,['residential'],179.0,80.2263595,12.9833181
['Anaga Street'],,road,['living_street'],179.0,80.2304657,12.9783079
['Anand Apartments Road'],,road,['residential'],181.0,80.2566236,12.9910591
['Anbazhagan Street'],,road,['residential'],177.0,80.2153548,12.9941536
['Andal Nagar Extension 1st Street'],,road,['residential'],177.0,80.2111385,12.9795738
['Andal Nagar Extension 2nd Street' 'MGR Nagar 5th Main Road'],,road,['residential'],177.0,80.2132697,12.9801645
['Andal Nagar Extension 2nd Street'],,road,['residential'],177.0,80.2117611,12.9800036
['Andalam avenue'],,road,['residential'],179.0,80.2273695,12.9865424
['Angalamman Koil 1st Street'],,road,['residential'],174.0,80.2115439,12.9971379
['Angalamman Koil 2nd Street'],,road,['residential'],174.0,80.2120845,12.9982141
['Anjaneyar Koil Street'],,road,['residential'],142.0,80.2162394,13.0217389
['Anjaneyar Koil Street'],,road,['residential'],170.0,80.2158837,13.0201181
['Anjugammal Street'],,road,['residential'],180.0,80.2401589,12.9792591
['Anna Avenue'],,road,['residential'],175.0,80.2551285,13.003696
['Anna Colony'],,road,['residential'],181.0,80.2630927,12.9955357
['Anna Nagar 1st Street'],,road,['residential'],179.0,80.2250748,12.9741975
['Anna Nagar 2nd cross'],,road,['residential'],179.0,80.2269619,12.9743122
['Anna Nagar 3rd cross'],,road,['residential'],179.0,80.2266091,12.9742974
['Anna Nagar 4th Main Road'],,road,['residential'],179.0,80.2260006,12.9748515
['Anna Nagar 5th Main Road'],,road,['residential'],179.0,80.2263107,12.9725601
['Anna Nagar 5th cross'],,road,['residential'],179.0,80.226806,12.9749176
['Anna Nagar 6th cross'],,road,['residential'],179.0,80.2264706,12.9742879
['Anna Salai (Mount Road)' 'Guindy Bridge'],,road,['primary'],170.0,80.2132841,13.0094865
['Anna Salai (Mount Road)' 'Mambalam Canal Bridge'],,road,['primary'],171.0,80.2294211,13.025082
['Anna Salai (Mount Road)'],,road,['primary'],170.0,80.2189668,13.0116375
['Anna Salai (Mount Road)'],,road,['primary'],171.0,80.2353917,13.0280247
['Anna Salai (Mount Road)'],,road,['primary'],174.0,80.2213069,13.012113
['Anna Salai (Mount Road)'],,road,['primary'],,80.23986,13.0310314
['Anna Salai'],,road,['residential'],168.0,80.1917248,12.9799745
['Anna Street'],,road,['residential'],181.0,80.262269,12.9881819
['Anna Street'],,road,['residential'],177.0,80.2127729,12.9951323
['Anna Street'],,road,['residential'],180.0,80.2380568,12.981972
['Annai Indhra Gandhi Road' 'Perungudi Station Road'],,road,['tertiary'],179.0,80.2208415,12.9688597
['Annai Indhra Gandhi Road'],,road,['tertiary'],179.0,80.2186844,12.9697168
['Annai Indira Nagar Sapthagiri Street'],,road,['residential'],179.0,80.2288632,12.9780251
['Annai Sathya Nagar 1st Street'],,road,['residential'],173.0,80.2520596,13.0188466
['Annai Therasa Nagar 11th Street'],,road,['residential'],169.0,80.2045615,12.9719319
['Annai Therasa Nagar 13th Street'],,road,['residential'],169.0,80.2040365,12.9714129
['Annai Therasa Nagar 14th Street'],,road,['residential'],169.0,80.2045953,12.97215
['Annai Therasa Nagar 15th Street' 'Annai Therasa Nagar 12th Street'],,road,['residential'],169.0,80.2040577,12.9727387
['Annai Therasa Nagar 15th Street'],,road,['residential'],169.0,80.2046899,12.9727609
['Annai Therasa Nagar 2nd Street'],,road,['residential'],169.0,80.2049809,12.9702515
['Annai Therasa Nagar 7th Street'],,road,['residential'],169.0,80.2064285,12.9705385
['Annai Therasa Nagar Road'],,road,['residential'],169.0,80.2032669,12.9704854
['Annai Theresa street'],,road,['residential'],179.0,80.2268826,12.9784333
['Annai Velankanni Road'],,road,['tertiary'],181.0,80.2703889,12.995433
['Annamalai Street'],,road,['residential'],169.0,80.192517,12.9708996
['Annasalai Street'],,road,['tertiary'],,80.2335047,13.0273665
['Annasalai Street'],,road,['tertiary'],171.0,80.2338887,13.0279356
['Anthoniyar Koli Street'],,road,['residential'],180.0,80.2422161,12.9817997
['Aovaiyaar Street'],,road,['residential'],170.0,80.2060881,13.0190019
['Apper Street'],,road,['residential'],181.0,80.266073,12.9918458
['Arangannai Salai'],,road,['residential'],175.0,80.2484297,13.0050009
['Arangannal Street'],,road,['residential'],180.0,80.2370233,12.9828444
['Arokya Matha Nagar 1st Street'],,road,['residential'],171.0,80.2282305,13.0175211
['Arokya Matha Nagar 2nd Street'],,road,['residential'],171.0,80.227819,13.0178685
['Arul Jothi Street'],,road,['residential'],169.0,80.192517,12.9708996
['Arul Jothi Street'],,road,['residential'],,80.1922025,12.9689916
['Arulayammanpet Main'],,road,['tertiary'],170.0,80.2119549,13.0159857
['Arumugam Road'],,road,['residential'],,80.2145832,12.9630292
['Arumugam Street'],,road,['residential'],169.0,80.1962685,12.9708418
['Arunachalam Road' 'Valliammai Road'],,road,['residential'],172.0,80.2401267,13.0193061
['Arunachalam Road'],,road,['residential'],172.0,80.2410666,13.0231276
['Arunachalapuram Main Road'],,road,['residential'],176.0,80.2594768,13.0086377
['Arundale Beach Road'],,road,['residential'],181.0,80.2673078,12.9923723
['Asaranji Avenue'],,road,['residential'],176.0,80.2619864,12.9968606
['Ashtalakshmi Garden'],,road,['residential'],181.0,80.2695532,12.9938353
['Astalakshmi Nagar 2nd Street'],,road,['residential'],177.0,80.215608,12.9857234
['Avvai Colony'],,road,['residential'],172.0,80.2432911,13.0174747
['Avvai Nagar Main Road'],,road,['residential'],182.0,80.254465,12.9822295
['Avvai Nagar Main Road'],,road,['residential'],,80.2537702,12.9755301
['Avvai Street'],,road,['residential'],179.0,80.2270653,12.9764195
['Avvaiyar Street'],,road,['residential'],180.0,80.2367182,12.9828307
['Avvaiyar Street'],,road,['residential'],177.0,80.2137123,12.9954943
['Ayiram Road'],,road,['residential'],169.0,80.1962069,12.968261
['Ayodhya Colony 1st Street'],,road,['residential'],179.0,80.229516,12.9823524
['Ayodhya Colony 2nd Street'],,road,['residential'],179.0,80.2310798,12.9823897
['Ayodhya Colony'],,road,['residential'],179.0,80.2306495,12.9818544
['B. Ramachandra Adithanar Road'],,road,['residential'],175.0,80.2488098,13.0097576
['B.K. Mesthry Street'],,road,['residential'],142.0,80.2142715,13.0227771
['Baby Nagar 1st Cross Road'],,road,['residential'],179.0,80.2292407,12.9796437
['Baby Nagar 1st Main Road' 'V O C Street'],,road,['residential'],179.0,80.2293637,12.9785246
['Baby Nagar 1st Main Road'],,road,['residential'],179.0,80.2292985,12.9796995
['Baby Nagar 2nd Cross Road' 'Balaji Street'],,road,['residential'],179.0,80.2280957,12.9792117
['Baby Nagar 2nd Main Road'],,road,['residential'],179.0,80.2288175,12.9788466
['Badhala Vinayagar Koil Street'],,road,['residential'],169.0,80.1921689,12.9709411
['Badwari 2nd Street'],,road,['residential'],180.0,80.2402675,12.9822094
['Bajanai Koil 1st Street'],,road,['residential'],180.0,80.2430038,12.9930199
['Bajannai Street'],,road,['residential'],178.0,80.2194002,12.9825196
['Bala Murugan Nagar 1st Street'],,road,['residential'],179.0,80.2242575,12.9747864
['BalaKrishnan Nagar'],,road,['residential'],179.0,80.2284119,12.9743414
['Balahi Colony Main Road'],,road,['residential'],177.0,80.2148605,12.9864337
['Balaji Avenue'],,road,['residential'],174.0,80.2107774,12.997238
['Balaji Nagar 18th Street'],,road,['residential'],169.0,80.2043786,12.976802
['Balaji Nagar 19th Street'],,road,['residential'],,80.2048329,12.9764789
['Balaji Nagar 1st Cross Street'],,road,['residential'],169.0,80.2023466,12.976267
['Balaji Nagar 1st Main'],,road,['residential'],170.0,80.2043032,13.0224614
['Balaji Nagar 1st Street'],,road,['residential'],,80.1904396,12.9750815
['Balaji Nagar 20th Street'],,road,['residential'],169.0,80.2050461,12.9759954
['Balaji Nagar 21st Street' 'Balaji Nagar 22nd Street'],,road,['residential'],169.0,80.2066474,12.975866
['Balaji Nagar 22nd Street'],,road,['residential'],169.0,80.2066676,12.9754022
['Balaji Nagar 23rd Street'],,road,['residential'],169.0,80.2066676,12.9754022
['Balaji Nagar 24th Street'],,road,['residential'],169.0,80.2054594,12.9749736
['Balaji Nagar 25th Street'],,road,['residential'],169.0,80.2065882,12.9744382
['Balaji Nagar 28th Street'],,road,['residential'],169.0,80.2033243,12.9741433
['Balaji Nagar 2nd Cross Street'],,road,['residential'],169.0,80.2036816,12.9758015
['Balaji Nagar 2nd Main'],,road,['residential'],170.0,80.2052115,13.0239619
['Balaji Nagar 2nd Street'],,road,['residential'],,80.1899746,12.9744367
['Balaji Nagar 32nd Street'],,road,['residential'],169.0,80.2058188,12.9735965
['Balaji Nagar 3rd Cross Street'],,road,['residential'],169.0,80.2036162,12.9755056
['Balaji Nagar 3rd Cross Street'],,road,['residential'],170.0,80.2045879,13.0224178
['Balaji Nagar 4th Cross Street'],,road,['residential'],169.0,80.2044357,12.9753236
['Balaji Nagar Main Road'],,road,['residential'],169.0,80.2033243,12.9741433
['Balaji Nagar Main Road'],,road,['tertiary'],,80.2041359,12.9777944
['Balaji Singh Street'],,road,['residential'],142.0,80.2273529,13.0247906
['Balaji St Lane'],,road,['residential'],142.0,80.2258762,13.024468
['Balaji Street' 'Baby Nagar 2nd Cross Road'],,road,['residential'],179.0,80.2280957,12.9792117
['Balakrishna Nagar 1st Main Road' 'Pillaiyar Koil Street'],,road,['residential'],179.0,80.2290174,12.9752067
['Balakrishna Nagar 1st Main Road'],,road,['residential'],179.0,80.2290345,12.9745193
['Balakrishnan Road'],,road,['residential'],182.0,80.2641388,12.9839899
['Balakrishnan Street'],,road,['residential'],142.0,80.2176392,13.0251711
['Balakrishnapuram 2nd Street'],,road,['residential'],,80.2051771,12.9928181
['Balamurugan Nagar 3rd Street'],,road,['residential'],179.0,80.2250748,12.9741975
['Balaraman Street'],,road,['residential'],175.0,80.2553162,13.0025628
['Balu Street'],,road,['residential'],181.0,80.2584239,12.9885127
['Barathidasan Street'],,road,['residential'],174.0,80.2149828,12.994747
['Baratidasan Street'],,road,['residential'],182.0,80.2605549,12.9807699
['Bazaar Main Road'],,road,['secondary'],169.0,80.2138463,12.9639852
['Bazaar Main Road'],,road,['secondary'],,80.2143004,12.9639105
['Bazaar Road Subway' 'Bazaar Road' 'Alandur Road'],,road,['tertiary'],142.0,80.2227731,13.021074
['Bazaar Road' 'Alandur Road' 'Bazaar Road Subway'],,road,['tertiary'],142.0,80.2227731,13.021074
['Bazaar Road'],,road,['tertiary'],142.0,80.2250033,13.0222655
['Bazaar Road'],,road,['secondary'],169.0,80.2073194,12.9652544
['Bazaar Road'],,road,['secondary'],,80.2012837,12.9653423
['Beach Road'],,road,['residential'],181.0,80.261837,12.9937195
['Besant Avenue Road'],,road,['secondary'],176.0,80.2602653,13.0071594
['Besant Nagar 10th Cross Street'],,road,['residential'],176.0,80.2664832,12.9996767
['Besant Nagar 11th Cross Street'],,road,['residential'],176.0,80.2662694,12.9990726
['Besant Nagar 12th Cross Street'],,road,['residential'],176.0,80.2670496,12.9987513
['Besant Nagar 13th Cross Street'],,road,['residential'],176.0,80.2665505,12.998089
['Besant Nagar 14th Cross Street'],,road,['residential'],176.0,80.2674936,12.9972001
['Besant Nagar 15th Cross Street'],,road,['residential'],176.0,80.2672413,12.9961052
['Besant Nagar 16th Cross Street'],,road,['residential'],176.0,80.2685647,12.9962466
['Besant Nagar 17th Cross Street'],,road,['residential'],176.0,80.2688129,12.9983147
['Besant Nagar 18th Cross Street'],,road,['residential'],176.0,80.26933,12.9966427
['Besant Nagar 19th Cross Street'],,road,['residential'],176.0,80.2690364,12.9966744
['Besant Nagar 1st Avenue Service Road'],,road,['tertiary'],176.0,80.265306,13.000529
['Besant Nagar 1st Avenue'],,road,['tertiary'],176.0,80.2638324,13.0005045
['Besant Nagar 1st Main Road'],,road,['tertiary'],181.0,80.26474,12.9960066
['Besant Nagar 1st Main Road'],,road,['tertiary'],176.0,80.2652199,12.9999846
['Besant Nagar 20th Cross Street'],,road,['residential'],176.0,80.2684692,12.9972985
['Besant Nagar 21st Cross Street'],,road,['residential'],176.0,80.2689338,12.9971866
['Besant Nagar 22nd Cross Street'],,road,['residential'],176.0,80.2679428,12.9979015
['Besant Nagar 23rd Cross Street'],,road,['residential'],176.0,80.2688129,12.9983147
['Besant Nagar 24th Cross Street'],,road,['residential'],176.0,80.2689273,12.9994027
['Besant Nagar 25th Cross Street'],,road,['residential'],176.0,80.2701286,12.9992671
['Besant Nagar 26th Cross Street'],,road,['residential'],176.0,80.2707688,12.9996068
['Besant Nagar 27th Cross Street'],,road,['residential'],176.0,80.2708119,12.9999947
['Besant Nagar 28th Cross Street'],,road,['residential'],176.0,80.2708557,13.0003728
['Besant Nagar 2nd Avenue'],,road,['secondary'],176.0,80.267334,12.9982957
['Besant Nagar 2nd Avenue'],,road,['secondary'],181.0,80.2676908,12.995714
['Besant Nagar 2nd Main Road'],,road,['residential'],176.0,80.2674886,12.9977868
['Besant Nagar 32nd Cross Street'],,road,['residential'],176.0,80.2704295,13.0031729
['Besant Nagar 33rd Cross Street'],,road,['residential'],176.0,80.2703726,13.0013579
['Besant Nagar 34th Cross Street'],,road,['residential'],176.0,80.2704178,13.0017594
['Besant Nagar 35th Cross Street'],,road,['residential'],176.0,80.271035,13.0025306
['Besant Nagar 3rd Main Road'],,road,['residential'],176.0,80.2685118,12.9988868
['Besant Nagar 3rd Main Road'],,road,['residential'],,80.2708137,12.9986312
['Besant Nagar 4th Avenue'],,road,['residential'],176.0,80.2675501,13.002266
['Besant Nagar 4th Main Road'],,road,['tertiary'],176.0,80.2691208,13.0010294
['Besant Nagar 6th Avenue'],,road,['residential'],176.0,80.2708119,12.9999947
['Besant Nagar 6th Cross Street'],,road,['residential'],176.0,80.2667073,12.9975523
['Besant Nagar 6th Cross Street'],,road,['residential'],181.0,80.2668576,12.9957684
['Besant Nagar 8th Cross Street'],,road,['residential'],176.0,80.2655791,12.9986449
['Besant Nagar 9th Cross Street'],,road,['residential'],176.0,80.2665505,12.998089
['Bethel Avenue Main Road'],,road,['residential'],179.0,80.222943,12.9718728
['Bhagat Singh Salai Road' 'TVK Koil 3rd Street Ext'],,road,['residential'],182.0,80.2604404,12.9792403
['Bhagat Singh Salai Road'],,road,['residential'],182.0,80.2597605,12.9793631
['Bhagat Singh Street'],,road,['residential'],169.0,80.1941003,12.9719784
['Bhagirathy Street'],,road,['residential'],173.0,80.2593997,13.0209157
['Bharani Street'],,road,['tertiary'],179.0,80.2331205,12.9790054
['Bharani Street'],,road,['tertiary'],180.0,80.2332766,12.9802276
['Bharani Street'],,road,['tertiary'],,80.2330164,12.976653
['Bharathi Avenue 1st Street'],,road,['residential'],172.0,80.2465352,13.0115457
['Bharathi Street'],,road,['residential'],169.0,80.193478,12.9731513
['Bharathi Street'],,road,['residential'],179.0,80.2277059,12.9784282
['Bharathidasan Street'],,road,['residential'],182.0,80.2602798,12.9823984
['Bharathiyar Street'],,road,['residential'],179.0,80.2313893,12.9840816
['Bharathiyar Street'],,road,['residential'],177.0,80.2138282,12.9940913
['Bharathiyar Street'],,road,['residential'],168.0,80.1946445,12.9785533
['Bharathiyar Street'],,road,['residential'],180.0,80.2395878,12.9839476
['Bharathiyar Street'],,road,['residential'],142.0,80.2202792,13.017814
['Bharthiyar Street'],,road,['residential'],180.0,80.2425343,12.9828209
['Bhavani Street'],,road,['residential'],178.0,80.2162154,12.9782038
['Bhavathi Amman Koil Street'],,road,['residential'],177.0,80.213009,12.9870544
['Bhujangarao Street'],,road,['residential'],142.0,80.2211343,13.021457
['Bhuvaneswari Nager 2nd Street' 'Bhuvaneswari Nager 4th Street'],,road,['residential'],,80.2060192,12.9787244
['Bhuvaneswari Nager 3rd Street'],,road,['residential'],,80.2058779,12.9791928
['Bhuvaneswary Nagar 1st Main Road'],,road,['residential'],179.0,80.220318,12.9700973
['Bishop Garden Extension'],,road,['residential'],173.0,80.2580356,13.0220291
['Bishop Garden Street'],,road,['residential'],173.0,80.256225,13.0212463
['Blue Cross Road'],,road,['residential'],174.0,80.2169121,12.9989929
['Blue Cross Street'],,road,['tertiary'],176.0,80.2637794,13.0052627
['Brahmin Lane'],,road,['residential'],142.0,80.2216864,13.020539
['Brahmin Street'],,road,['residential'],178.0,80.2194563,12.9832378
['Brahmin street'],,road,['living_street'],142.0,80.221646,13.0212571
['Brightpathplayschool'],,road,['residential'],169.0,80.2139755,12.9667371
['Brindavan Nagar Main Road'],,road,['tertiary'],177.0,80.2054838,12.9878045
['Brindavan Nagar Main Road'],,road,['tertiary'],,80.2046926,12.9822006
['Brindhavan Nagar Road'],,road,['residential'],169.0,80.2134649,12.9700816
['Broadies Castle Road'],,road,['secondary'],173.0,80.2630723,13.0211929
['Brodie Castle Road'],,road,['primary'],173.0,80.2629344,13.018911
['Buddhar Street'],,road,['residential'],180.0,80.2415159,12.9805345
['Buhuvaneswary Nagar 2nd Main Road'],,road,['residential'],179.0,80.2229406,12.9698015
['Buhuvaneswary Nagar 2nd Street'],,road,['residential'],179.0,80.2201449,12.969789
['CGE Colony'],,road,['residential'],181.0,80.2634405,12.9852282
['CIPET Hostel Road'],,road,['residential'],170.0,80.2061912,13.0155756
['CIT Nagar 1st Main Road'],,road,['secondary'],,80.2308801,13.0292856
['CIT Nagar 3rd Main Road'],,road,['secondary'],171.0,80.2330731,13.0264963
['Canal Bank Road'],,road,['tertiary'],175.0,80.2488098,13.0097576
['Canal Bank Road'],,road,['residential'],173.0,80.2531608,13.0227679
['Canal Road'],,road,['residential'],180.0,80.2531061,12.9867133
['Cart Track Road'],,road,['tertiary'],174.0,80.2099779,12.9975764
['Cart Track Road'],,road,['tertiary'],,80.2074113,12.9983896
['Cauvery Street'],,road,['residential'],181.0,80.2669598,12.9905777
['Cauvery Street'],,road,['residential'],169.0,80.2091876,12.9687276
['Central Avenue'],,road,['residential'],173.0,80.2541737,13.0214254
['Chakrapani Street'],,road,['tertiary'],174.0,80.2118654,13.003795
['Chandran Street'],,road,['residential'],174.0,80.2083664,12.9993363
['Chandru Street' '3rd Main Road'],,road,['residential'],179.0,80.2236019,12.9693575
['Chandru Street'],,road,['residential'],179.0,80.224341,12.9701074
['Charles Todhunter Road'],,road,['residential'],171.0,80.2293787,13.0242789
['Cheenammal Street'],,road,['residential'],170.0,80.2153456,13.0202381
['Chetty Street'],,road,['residential'],142.0,80.2203518,13.0197917
['Chitrakulam Street'],,road,['residential'],182.0,80.2607585,12.9843887
['Chitrarasu Street'],,road,['residential'],168.0,80.1914434,12.9784695
['Chokkalingam Nagar Road'],,road,['residential'],177.0,80.2127891,12.9791936
['Cholamannan Street'],,road,['residential'],180.0,80.242783,12.979918
['Cholan Street'],,road,['residential'],168.0,80.1934203,12.9788608
['Cholapuram Street'],,road,['residential'],181.0,80.2606628,12.9889155
['Church Gate Avenue'],,road,['residential'],179.0,80.2263361,12.9784165
['Church Street'],,road,['residential'],169.0,80.1962171,12.9694499
['City Link Road'],,road,['tertiary'],,80.2078061,13.0004791
['Coastal Road'],,road,['residential'],181.0,80.2688776,12.9902246
['Coronet Gardens'],,road,['residential'],182.0,80.2549308,12.9754511
['Coronet Gardens'],,road,['residential'],,80.2537702,12.9755301
['Corporation Water Works Road'],,road,['tertiary'],170.0,80.2107499,13.0147081
['Cremation Ground Road'],,road,['residential'],170.0,80.2041864,13.0266507
['Crescent Avenue'],,road,['residential'],175.0,80.2516012,13.0096774
['Crescent Avenue'],,road,['residential'],173.0,80.2536933,13.0217302
['Crescent Park 1st Main Road'],,road,['residential'],175.0,80.2545476,13.0101944
['Crescent Street'],,road,['residential'],172.0,80.2452596,13.020481
['Customs Colony 1st cross street'],,road,['residential'],176.0,80.2664056,13.0008212
['DGS Dhinakaran Road'],,road,['primary'],173.0,80.2663646,13.0185831
['DRA Tuxedo Elite Path'],,road,['residential'],169.0,80.2079566,12.9755474
['Damodarapuram 3rd Street'],,road,['residential'],176.0,80.2624572,13.001459
['Damodarapuram Main Road'],,road,['residential'],176.0,80.2629939,13.0011211
['Danapal Street'],,road,['living_street'],170.0,80.2034641,13.0197668
['Dandeeswaram Main Road'],,road,['residential'],178.0,80.2218538,12.9825674
['Dandeeswaram Main Road'],,road,['residential'],179.0,80.2252797,12.9825829
['Darmambal Street'],,road,['residential'],182.0,80.2545284,12.9778355
['David George Street'],,road,['residential'],169.0,80.1975283,12.9674865
['Defence Colony 1st Avenue'],,road,['tertiary'],,80.1993614,13.0232109
['Defence Colony 2nd Avenue'],,road,['residential'],170.0,80.1992338,13.0185405
['Devendra Nagar Main Road'],,road,['residential'],182.0,80.2573987,12.9790224
['Devi Karumariamman Koil Street'],,road,['residential'],180.0,80.2409888,12.9857743
['Devu Naidu Street'],,road,['residential'],142.0,80.2162735,13.0222229
['Dhadiratnam Street'],,road,['residential'],142.0,80.2172909,13.0262858
['Dhana Sekaran Street'],,road,['residential'],142.0,80.2154944,13.0208686
['Dhanalakshmi Avenue' '6th Main Road'],,road,['residential'],175.0,80.2513278,13.0032875
['Dhanalakshmi Avenue'],,road,['residential'],175.0,80.2514272,13.0028552
['Dhandapani Street'],,road,['residential'],179.0,80.2287608,12.9841357
['Dhandayudhapandi 1st Street'],,road,['residential'],172.0,80.2417991,13.0237451
['Dhandayudhapandi 2nd Street'],,road,['residential'],172.0,80.2400773,13.0231288
['Dhandeeshwaram 1 Main Road Extension'],,road,['residential'],179.0,80.2222307,12.9820341
['Dhandeeshwaram 1st Main Road Extension'],,road,['residential'],179.0,80.2222234,12.9825239
['Dhandeeshwaram 1st Main Road'],,road,['residential'],179.0,80.2230064,12.9821689
['Dhandeeshwaram 2st cross street'],,road,['residential'],179.0,80.223181,12.9826935
['Dhandeeshwaram 3rd Main Road'],,road,['residential'],179.0,80.2236553,12.9825453
['Dhandeeshwaram 4th cross street'],,road,['residential'],179.0,80.2241265,12.981374
['Dhandeeshwaram 6th cross street'],,road,['residential'],179.0,80.2247523,12.981854
['Dhandeeshwaram Colony'],,road,['residential'],178.0,80.2218435,12.9879688
['Dhandeeshwaram Nagar 1st Avenue (East)'],,road,['residential'],179.0,80.2253171,12.9817648
['Dhandeeshwaram Nagar 2nd Avenue (East)'],,road,['residential'],179.0,80.2259448,12.9813864
['Dhandeeshwaram Nagar 2nd Cross Street'],,road,['residential'],179.0,80.225603,12.9841625
['Dhandeeshwaram Nagar 3rd Avenue (East)'],,road,['residential'],179.0,80.2253573,12.9809527
['Dhandeeshwaram Nagar 3rd Cross Street'],,road,['residential'],179.0,80.2247435,12.9836858
['Dhandeeshwaram Nagar 3rd Main Road'],,road,['residential'],179.0,80.223748,12.9804221
['Dhandeeshwaram Nagar 4th Cross Street'],,road,['residential'],179.0,80.2236363,12.9832338
['Dhandeeshwaram Nagar 5th Main Road Avenue'],,road,['residential'],179.0,80.2237598,12.984196
['Dhandeeshwaram Nagar 5th Main Road'],,road,['residential'],179.0,80.2242769,12.9832438
['Dhandeeshwaram Nagar 5th Main/Cross'],,road,['residential'],179.0,80.2243613,12.9829317
"['Dhandeeshwaram Nagar 6th Main Road Avenue'
 'Dhandeeswaram Nagar 1st Cross Road']",,road,['residential'],179.0,80.2251399,12.9847682
['Dhandeeshwaram Nagar 6th Main Road'],,road,['residential'],179.0,80.2247435,12.9836858
['Dhandeeshwaram Nagar 7th Main Road'],,road,['residential'],179.0,80.2252746,12.9828566
['Dhandeeshwaram Nagar 9th Cross Avenue'],,road,['residential'],179.0,80.2231107,12.9800888
['Dhandeeswaram Nagar 10th Cross Road'],,road,['residential'],179.0,80.2247155,12.9795375
['Dhandeeswaram Nagar 10th Main Road'],,road,['residential'],179.0,80.2244896,12.9790009
['Dhandeeswaram Nagar 11th Cross Road'],,road,['residential'],179.0,80.2244896,12.9790009
['Dhandeeswaram Nagar 12th Cross Road'],,road,['residential'],179.0,80.22425,12.9785653
"['Dhandeeswaram Nagar 1st Cross Road'
 'Dhandeeshwaram Nagar 6th Main Road Avenue']",,road,['residential'],179.0,80.2251399,12.9847682
['Dhandeeswaram Nagar 1st Cross Road'],,road,['residential'],179.0,80.2242405,12.9847953
['Dhandeeswaram Nagar 4th Avenue [west] 2 cross street'],,road,['residential'],179.0,80.2243975,12.9798165
['Dhandeeswaram Nagar 4th Avenue [west]'],,road,['residential'],179.0,80.2239764,12.9804125
['Dhandeeswaram Nagar 4th Avenue(East)'],,road,['residential'],179.0,80.2263477,12.9805958
"['Dhandeeswaram Nagar 5th Avenue [west]'
 'Dhandeeswaram Nagar 4th Avenue [west] 1 cross street']",,road,['residential'],179.0,80.2247026,12.9799325
['Dhandeeswaram Nagar 6th Avenue(East)'],,road,['residential'],179.0,80.2261221,12.9797584
['Dhandeeswaram Nagar 7th Avenue(East)'],,road,['residential'],179.0,80.2261846,12.9796415
['Dhandeeswaram Nagar 8th Cross Road'],,road,['residential'],179.0,80.2230827,12.9807664
['Dhandeeswaram Nagar 9th Cross Road'],,road,['residential'],179.0,80.2237599,12.9801331
['Dhandeeswaram Nagar 9th Main Road;Tansi Nagar 3rd street'],,road,['residential'],179.0,80.2235009,12.9794855
['Dharmraja Koil Street'],,road,['residential'],142.0,80.2249387,13.0235043
['Dhobikhana Street'],,road,['residential'],142.0,80.2228332,13.0179217
['Dhrmraja Koil Street'],,road,['residential'],142.0,80.2250033,13.0222655
['Dhroupathy Amman Koil Street'],,road,['tertiary'],178.0,80.2223641,12.9872452
['Dhroupathy Amman Koil Street'],,road,['tertiary'],174.0,80.2185724,12.9885725
['Doss Avenue'],,road,['residential'],179.0,80.2288429,12.978381
['Dr Bhavin Patel Road'],,road,['residential'],172.0,80.2455112,13.0011629
['Dr MGR Main Road'],,road,['secondary'],180.0,80.2432104,12.9790624
['Dr MGR Main Road'],,road,['secondary'],,80.2432304,12.9786398
['Dr Muthulakshmi Salai'],,road,['secondary'],175.0,80.2574878,13.0065529
['Dr Muthulakshmi Salai'],,road,['secondary'],176.0,80.2569592,13.0036708
['Dr RK Puram Green Ways Road'],,road,['living_street'],,80.2518165,13.0208224
['Dr. Ambedkar 1st Main Road'],,road,['tertiary'],177.0,80.2096648,12.9909728
['Dr. Ambedkar Nagar 4th Main Road'],,road,['tertiary'],177.0,80.2071813,12.9913918
['Dr. Muthulakshmi Road'],,road,['secondary'],175.0,80.2559781,12.9936949
['Dr. Muthulakshmi Road'],,road,['secondary'],176.0,80.2559195,12.9969294
['Dr. Muthulakshmi Road'],,road,['secondary'],181.0,80.2560276,12.9890071
['Dr. Muthulakshmi Road'],,road,['secondary'],180.0,80.255758,12.9875915
['Dr. Muthulakshmi Road'],,road,['secondary'],182.0,80.2558837,12.9876844
['Dr.Seetharaman Nagar Main Road' 'Dr.Seetharaman Nagar 1st Street'],,road,['residential'],179.0,80.2212371,12.9726226
['Dr.Seetharaman Nagar Main Road'],,road,['residential'],179.0,80.2210704,12.9721183
['Drowpathi Amman Koil Street' '2nd Street'],,road,['residential'],168.0,80.1987486,12.9794544
['Drowpathi Amman Koil Street'],,road,['residential'],168.0,80.1972991,12.9794004
"['Duraisamy Street, Visalakshi Nagar']",,road,['residential'],170.0,80.2033268,13.0230761
['Durgabai Deshmukh Road'],,road,['primary'],176.0,80.2590294,13.0087091
['Durgabai Deshmukh Road'],,road,['primary'],173.0,80.261381,13.0188172
['EB Colony 1st Street'],,road,['residential'],177.0,80.2116851,12.98523
['East Avenue' 'North Avenue'],,road,['residential'],173.0,80.2546237,13.0219953
['East Avenue'],,road,['residential'],173.0,80.2547563,13.0200171
['East Coast Road'],,road,['primary'],182.0,80.259308,12.9817373
['East Coast Road'],,road,['primary'],181.0,80.2598344,12.9869794
['East Coast Road'],,road,['primary'],,80.2586607,12.9749039
['East Coastal Cross Road'],,road,['residential'],181.0,80.2697369,12.9925155
['East Jones Road'],,road,['tertiary'],142.0,80.2272371,13.0251306
['East Kottur Canal Bank Road' 'Canal Bank Road'],,road,['tertiary'],175.0,80.2487409,13.0152202
['East Kottur Canal Bank Road'],,road,['tertiary'],175.0,80.2489441,13.0111086
['East Mada Street' 'Theradi Street'],,road,['residential'],179.0,80.2241779,12.9852689
['East Mada Street'],,road,['residential'],182.0,80.2619797,12.9857338
['East Mada Street'],,road,['residential'],171.0,80.2311805,13.013691
['East Mada Street'],,road,['residential'],179.0,80.2243879,12.9859967
['East Main Road'],,road,['residential'],,80.189131,12.9713456
['East Road'],,road,['residential'],171.0,80.2303863,13.0269772
['Elango Street'],,road,['residential'],169.0,80.1938243,12.9701065
['Elango Street'],,road,['residential'],168.0,80.1943613,12.9811079
['Elango Street'],,road,['residential'],174.0,80.2150539,12.9948892
['Elango Street'],,road,['residential'],177.0,80.2137818,12.9953318
['Elango Street'],,road,['residential'],180.0,80.2355831,12.982582
['Ellaiamman Koil Street'],,road,['residential'],181.0,80.2619228,12.9963276
['Ellaiamman Koil Street'],,road,['residential'],176.0,80.2629123,13.0007847
['Ellaiamman Koil Street'],,road,['tertiary'],172.0,80.2447251,13.0160381
['Elumalai Street'],,road,['residential'],142.0,80.2183397,13.0267389
['Emmanuel Steret'],,road,['residential'],180.0,80.2419262,12.9804836
['Eri Karai Street'],,road,['tertiary'],180.0,80.238111,12.9822774
['Eswaran Koil Street'],,road,['residential'],169.0,80.196837,12.9730978
['Ext 1'],,road,['living_street'],176.0,80.2598953,13.0028767
['Ext 2'],,road,['living_street'],176.0,80.259478,13.0031935
['Ext 3'],,road,['living_street'],176.0,80.2595231,13.0035072
['Ezumudaliyar Street' '3rd Main Road'],,road,['residential'],177.0,80.2141354,12.9925246
['Ezumudaliyar Street'],,road,['residential'],177.0,80.213877,12.9914284
['Film Street'],,road,['residential'],179.0,80.2276788,12.9772974
['First Street'],,road,['residential'],171.0,80.2319813,13.0255426
['Five Furlong Road'],,road,['secondary'],174.0,80.2120421,13.0037866
['Flower street'],,road,['living_street'],171.0,80.2255601,13.0211638
['Flower street'],,road,['living_street'],142.0,80.2253566,13.0216058
['G. K. Avenue 6th Cross Street'],,road,['residential'],169.0,80.2035232,12.9749796
['Ganapathy 1st Street'],,road,['residential'],182.0,80.255846,12.97751
['Ganapathy 2nd Street'],,road,['residential'],182.0,80.2568537,12.9768527
['Ganapathy Street'],,road,['residential'],182.0,80.2545301,12.9782955
['Gandhi Mandapam Flyover'],,road,['primary'],172.0,80.2428614,13.0067102
['Gandhi Mandapam Flyover'],,road,['primary'],171.0,80.2380038,13.0073267
['Gandhi Mandapam Road' 'Turnbulls Road' 'Kotturpuram Bridge'],,road,['secondary'],,80.2439536,13.0267829
['Gandhi Mandapam Road'],,road,['secondary'],172.0,80.2413267,13.018897
['Gandhi Mandapam Road'],,road,['secondary'],171.0,80.2403241,13.0069116
['Gandhi Nagar 1st Main Road'],,road,['residential'],175.0,80.2550186,13.0066941
['Gandhi Nagar 1st Main Road'],,road,['residential'],176.0,80.2586706,13.0078751
['Gandhi Nagar 2nd Main Road'],,road,['residential'],175.0,80.2501189,13.0078344
['Gandhi Nagar 3rd Main Road'],,road,['residential'],175.0,80.2545017,13.0085671
['Gandhi Nagar 4th Main Road'],,road,['residential'],176.0,80.2590552,13.0092589
['Gandhi Nagar Main'],,road,['tertiary'],170.0,80.2034595,13.0206588
['Gandhi Road to IIT Krishna Gate Road'],,road,['residential'],179.0,80.2308471,12.9855409
['Gandhi Road'],,road,['tertiary'],179.0,80.2308097,12.9855582
['Gandhi Street'],,road,['residential'],171.0,80.2255814,13.0286918
['Gandhi Street'],,road,['residential'],180.0,80.2388804,12.9824312
['Gandhi Street'],,road,['residential'],174.0,80.215925,12.9901526
['Gandhi Street'],,road,['residential'],177.0,80.2154477,12.9903848
['Gandhi Street'],,road,['residential'],168.0,80.193117,12.9780962
['Ganesh Nagar 1st Street'],,road,['residential'],182.0,80.2574393,12.9793357
['Ganesh Nagar 7th Street'],,road,['residential'],169.0,80.2027639,12.9762466
['Ganesh Nagar 8th Street'],,road,['residential'],169.0,80.2032049,12.9762286
['Ganga Street'],,road,['residential'],180.0,80.2342088,12.9811862
['Ganga Street'],,road,['residential'],,80.2338899,12.9793756
['Gangai Amman Koil Street'],,road,['residential'],181.0,80.2613308,12.9935829
['Gangai Amman Koil Street'],,road,['residential'],174.0,80.2176869,12.9884057
['Gangai Nagar 2nd Cross Street'],,road,['residential'],177.0,80.2161684,12.9847762
['Gangai Street'],,road,['residential'],169.0,80.2073358,12.9683075
['Gangai Street'],,road,['residential'],181.0,80.2670656,12.9910102
['Godavari Street'],,road,['residential'],180.0,80.235807,12.9804269
['Gokulam Street'],,road,['residential'],177.0,80.2127498,12.9950199
['Golden Avenue 1st Street'],,road,['residential'],178.0,80.2169886,12.9770634
['Golden Avenue 2nd Street'],,road,['residential'],178.0,80.2163537,12.9771911
['Golden Avenue Main Road'],,road,['residential'],178.0,80.2170141,12.9768606
['Gomathi Street'],,road,['residential'],169.0,80.1912881,12.9722223
['Gopal Street' 'Vivekananda Street'],,road,['residential'],179.0,80.2274537,12.9784206
['Gopal Street'],,road,['residential'],169.0,80.1961159,12.9661698
"['Gopalakrishnan Street,']",,road,['residential'],174.0,80.2095249,12.9977376
['Gopinathan Cross Street'],,road,['residential'],168.0,80.1964764,12.9758033
['Gopinathan Street'],,road,['residential'],168.0,80.199249,12.9764904
['Gothavari Street'],,road,['residential'],180.0,80.2348962,12.9808636
['Govindarajapuram 1st Street'],,road,['residential'],175.0,80.2526029,13.0064867
['Govindarajapuram 2nd Street'],,road,['residential'],175.0,80.2522654,13.005812
['Govindaswamy Nagar'],,road,['living_street'],173.0,80.2541298,13.0226944
['Govindaswamy Street'],,road,['residential'],174.0,80.2154606,12.9942874
['Grand Southern Trunk Road Flyover' 'Kathipara Interchange Flyover'],,road,['primary'],170.0,80.2059022,13.0077031
['Grand Southern Trunk Road'],,road,['primary'],170.0,80.2065036,13.0076364
['Grand Southern Trunk Road'],,road,['trunk'],,80.2043145,13.006907
['Greenways Road Extension'],,road,['residential'],173.0,80.2587806,13.0195432
['Greenways Road' 'PS Kumarasamy Raja Road'],,road,['tertiary'],173.0,80.2536449,13.0202963
['Greenways Road'],,road,['tertiary'],173.0,80.2594325,13.0186432
['Gulmohar Avenue'],,road,['residential'],174.0,80.2177247,13.0003399
['Guruvappa Street'],,road,['residential'],172.0,80.2451679,13.0148688
['Hindu Colony 1st Main Road'],,road,['residential'],169.0,80.2014276,12.9754137
['Hindu Colony 2nd Main Road'],,road,['residential'],168.0,80.1974716,12.974645
['Hindu Colony 2nd Main Road'],,road,['residential'],169.0,80.1994443,12.9745984
['Hospital Lane'],,road,['residential'],170.0,80.2180866,13.0195325
['Hospital Lane'],,road,['residential'],142.0,80.2181638,13.0200554
['Hospital Road'],,road,['residential'],171.0,80.2263279,13.0301021
['Hospital Road'],,road,['residential'],170.0,80.2194888,13.019452
['Hospital Road'],,road,['residential'],142.0,80.2142983,13.0214176
['Hudson Avenue'],,road,['residential'],179.0,80.2263053,12.9816352
['Ilayazwar koil street'],,road,['residential'],142.0,80.2170961,13.0230568
['Income Tax Main Road'],,road,['residential'],,80.2031816,12.9836471
['Indhra Gandhi Street'],,road,['residential'],180.0,80.2373301,12.9831915
['Indira 2nd Street'],,road,['residential'],168.0,80.1937048,12.9807313
['Indira Nagar 13th Cross Street' '12th Cross Street'],,road,['residential'],175.0,80.2505098,12.995339
['Indira Nagar 13th Cross Street'],,road,['residential'],175.0,80.2493084,13.0000718
['Indira Nagar 1st Avenue'],,road,['tertiary'],175.0,80.2514577,12.998769
['Indira Nagar 1st Main Road'],,road,['residential'],175.0,80.2552101,12.9975798
['Indira Nagar 2nd Avenue'],,road,['tertiary'],175.0,80.2543704,12.9966039
['Indira Nagar 2nd Main Road'],,road,['residential'],175.0,80.2536578,12.9995082
['Indira Nagar 3rd Avenue'],,road,['tertiary'],175.0,80.2514322,12.9985429
['Indira Nagar 4th Main Road'],,road,['residential'],175.0,80.255175,12.9912133
['Indira Street'],,road,['residential'],168.0,80.1938377,12.9806854
['Inner Ring Road (Southern Sector)'],,road,['primary'],,80.2050769,12.9774891
['Inner Ring Road (Southern Sector)'],,road,['primary'],169.0,80.2096415,12.9738233
['Inner Ring Road (Southern Sector)'],,road,['primary'],178.0,80.2170199,12.968244
['Inner Ring Road (Southern Sector)'],,road,['primary'],179.0,80.2179399,12.9680355
['Inner Ring Road' 'Jafferkhanpet Bridge'],,road,['primary'],,80.2081682,13.0276016
['Inner Ring Road'],,road,['primary'],170.0,80.2063754,13.0225319
['Iswariya Colony 1st Lane'],,road,['residential'],175.0,80.2509267,12.9988564
['Iyyappan Street'],,road,['residential'],168.0,80.1958053,12.9789081
['Jacod Road'],,road,['residential'],169.0,80.1975283,12.9674865
['JagannathaPuram 1st Cross Street'],,road,['residential'],178.0,80.2209088,12.9849623
['JagannathaPuram 1st Main road'],,road,['residential'],178.0,80.221439,12.9854589
['JagannathaPuram 2nd Main road' 'RajaLaxmi Nagar 2nd main Road'],,road,['residential'],178.0,80.220674,12.985002
['JagannathaPuram 2nd Main road'],,road,['residential'],178.0,80.2209088,12.9849623
['JagannathaPuram 2nd Street'],,road,['residential'],178.0,80.2204377,12.9858568
['JagannathaPuram 3rd Main Road'],,road,['tertiary'],178.0,80.2221898,12.9841259
['Jagannathan Street'],,road,['residential'],,80.2627116,12.9719971
['Janaki Avenue'],,road,['tertiary'],173.0,80.2697443,13.0207496
['Janakpuri 1st Street'],,road,['residential'],174.0,80.2189178,12.9895322
['Janakpuri 2nd Street'],,road,['residential'],174.0,80.2200337,12.9885531
['Jayanthi street'],,road,['residential'],179.0,80.2271657,12.983807
['Jayaram Avenue'],,road,['residential'],176.0,80.2631118,12.9976124
['Jayaram Street'],,road,['secondary'],142.0,80.2197887,13.0248793
['Jayaram Street'],,road,['residential'],181.0,80.2671256,12.9836859
['Jayaraman Street'],,road,['residential'],168.0,80.1952961,12.9806618
['Jeenis Road'],,road,['residential'],142.0,80.2243801,13.0233252
['Jeer Lane'],,road,['residential'],142.0,80.2249869,13.0235522
['Jeeva Street'],,road,['residential'],179.0,80.2284759,12.9747168
['Jeevanandam Street'],,road,['residential'],181.0,80.2605139,12.9914973
['Jeevanathan Street'],,road,['residential'],181.0,80.2677039,12.9918868
['Jeevarathinam Nagar 1st Street'],,road,['residential'],176.0,80.2598954,13.001831
['Jeevarathinam Nagar 2nd Street'],,road,['residential'],176.0,80.2604238,13.0023737
['Jeevarathinam Nagar Main Road'],,road,['residential'],176.0,80.2598954,13.001831
['John Kennady Street'],,road,['residential'],168.0,80.1921031,12.979919
['Jones Road' 'Jones Subway' 'East Jones Road'],,road,['tertiary'],142.0,80.224611,13.0252998
['Jones Road'],,road,['tertiary'],142.0,80.2202753,13.0249007
['Jothiammal Nagar' 'Todhunter Nagar 2nd Cross Road'],,road,['residential'],171.0,80.2324692,13.0199592
['Jothiammal Nagar'],,road,['residential'],171.0,80.228568,13.0212695
['Journalist Colony' '2nd Street'],,road,['residential'],182.0,80.2603774,12.9743278
['Journalist Colony'],,road,['residential'],182.0,80.2630576,12.9740394
['Justice Ramasamy Street'],,road,['residential'],175.0,80.2506916,13.0011246
['Jyothi Ramalingam Street'],,road,['residential'],169.0,80.1924178,12.9702875
['K. V. K. Samy Street'],,road,['residential'],168.0,80.1933531,12.9805342
['K.V.K Sami Street'],,road,['residential'],174.0,80.2165489,12.9948294
['Kabali Street'],,road,['residential'],179.0,80.2310122,12.985182
['Kabilar Street'],,road,['residential'],170.0,80.2053286,13.0183343
['Kakkan Colony'],,road,['residential'],176.0,80.2645649,12.999181
['Kakkan Nagar Main Road'],,road,['tertiary'],177.0,80.2060226,12.9924453
['Kakkan Nagar Main Road'],,road,['tertiary'],,80.2062644,12.9934767
['Kalai Magal Street'],,road,['residential'],169.0,80.1982009,12.9700127
['Kalaimagal Nagar 1st Main'],,road,['residential'],170.0,80.204117,13.0251876
['Kalaimagal Nagar 2nd Main'],,road,['residential'],170.0,80.2032576,13.0259693
['Kalaimagal Nagar 3rd Main'],,road,['residential'],170.0,80.2063439,13.0258251
['Kalakshetra Avenue 1st Street'],,road,['residential'],181.0,80.2603244,12.9902427
['Kalakshetra Avenue 2nd Street'],,road,['residential'],181.0,80.2605303,12.9896294
['Kalakshetra Road'],,road,['residential'],181.0,80.2623655,12.9886509
['Kalikunram Main Road'],,road,['residential'],172.0,80.2434456,12.9988481
['Kalki Krishnamurty Road' 'Lattice Bridge'],,road,['secondary'],180.0,80.253704,12.9818841
['Kalki Krishnamurty Road'],,road,['secondary'],182.0,80.2554763,12.9859443
['Kalki Krishnamurty Road'],,road,['secondary'],180.0,80.2526657,12.9827397
['Kalki Krishnamurty Road'],,road,['secondary'],,80.2527914,12.9809604
['Kalki Nagar 1st Cross'],,road,['residential'],178.0,80.2103576,12.9759411
['Kalki Nagar 1st Cross'],,road,['residential'],169.0,80.2093803,12.9759274
['Kalki Nagar 2nd Cross Street'],,road,['residential'],178.0,80.2103588,12.9755589
['Kamachi Amman street'],,road,['residential'],179.0,80.2272418,12.975859
['Kamakodi Street'],,road,['residential'],142.0,80.2179404,13.0265735
['Kamaraj Avenue 1st Street'],,road,['residential'],175.0,80.2535185,13.0019169
['Kamaraj Avenue 2nd Street'],,road,['residential'],175.0,80.2558306,13.0012783
['Kamaraj Nagar 24 th street'],,road,['residential'],182.0,80.2583452,12.9850991
['Kamaraj Nagar West 5th Street'],,road,['residential'],182.0,80.2546692,12.9827366
['Kamaraj Nagar West 5th Street'],,road,['residential'],180.0,80.253735,12.9828906
['Kamaraj Nagar'],,road,['residential'],181.0,80.2571339,12.9942426
['Kamaraj Street'],,road,['residential'],181.0,80.2617645,12.9935002
['Kamaraja Street'],,road,['residential'],180.0,80.2350499,12.9818267
['Kamarajar Nagar (west)'],,road,['residential'],180.0,80.2533385,12.9879651
['Kamarajar Salai'],,road,['tertiary'],173.0,80.2597482,13.0196928
['Kamarajar Street'],,road,['residential'],177.0,80.2123899,12.993494
['Kamarajar Street'],,road,['residential'],168.0,80.1930302,12.9777148
['Kamarajar Street'],,road,['residential'],179.0,80.2285718,12.9755993
['Kamarajar Street'],,road,['residential'],180.0,80.2408496,12.9817923
['Kamban Street' 'Bharathiyar Street'],,road,['residential'],168.0,80.1947089,12.976769
['Kambar Street Extn'],,road,['residential'],179.0,80.2295007,12.9765591
['Kambar Street'],,road,['residential'],142.0,80.2172686,13.0270762
['Kambar Street'],,road,['residential'],180.0,80.2402352,12.9832313
['Kambar Street'],,road,['residential'],179.0,80.2278161,12.9763861
['Kambar Street'],,road,['residential'],181.0,80.2681634,12.9918394
['Kambar Street'],,road,['residential'],,80.2161616,12.9653038
['Kambar'],,road,['residential'],179.0,80.2267022,12.9827907
['Kandaswami Street'],,road,['residential'],173.0,80.2644602,13.022357
['Kaniamman Koil Street'],,road,['residential'],174.0,80.2169083,12.9949775
['Kanidiyar Street'],,road,['residential'],177.0,80.2119534,12.9944224
['Kannabiran Street'],,road,['residential'],179.0,80.2306312,12.9866779
['Kannadasan street'],,road,['residential'],,80.216339,12.9668736
['Kannagam Road'],,road,['tertiary'],174.0,80.2423405,12.9956299
['Kannagam Road'],,road,['tertiary'],180.0,80.2420526,12.9938106
['Kannagi Street'],,road,['residential'],169.0,80.1952233,12.9690648
['Kannagi Street'],,road,['residential'],177.0,80.2148989,12.9933334
['Kannagi Street'],,road,['residential'],168.0,80.1915137,12.9788498
['Kannagi Street'],,road,['residential'],180.0,80.240465,12.9819158
['Kannagi Street'],,road,['residential'],142.0,80.2193859,13.0179931
['Kannagi Street'],,road,['residential'],174.0,80.2169762,12.9894225
['Kannappa Nagar 1st Main Road'],,road,['residential'],,80.2584366,12.9745098
['Kannappa Nagar 1st Main Road'],,road,['residential'],182.0,80.2578792,12.9745743
['Kannappa Nagar Ext'],,road,['residential'],182.0,80.2550334,12.9757392
['Kanniammal Lane'],,road,['residential'],175.0,80.2559241,13.004237
['Kannnapiran Street'],,road,['residential'],,80.2158478,12.9658062
['Karaneeswar Koil Street' 'Tank Square Street'],,road,['residential'],142.0,80.2231867,13.0234257
['Karani Garden 1st Street'],,road,['residential'],,80.2210996,13.0254453
['Karani Garden 2nd Street'],,road,['residential'],,80.2210923,13.0259171
['Karani Garden 3rd Street'],,road,['residential'],,80.2210535,13.0264571
['Karani Garden Main Street'],,road,['residential'],142.0,80.221139,13.0249415
['Karani Garden Main Street'],,road,['residential'],,80.2210996,13.0254453
['Karian Ponnan Street'],,road,['residential'],169.0,80.1921975,12.9729222
['Karikalan Street'],,road,['living_street'],173.0,80.257372,13.0235422
['Karikalan Street'],,road,['residential'],168.0,80.1989345,12.9770593
['Karikalan Street'],,road,['residential'],179.0,80.2288688,12.97766
['Karnam Street'],,road,['residential'],179.0,80.2225812,12.9836924
['Karpagam Avenue 1st Street'],,road,['residential'],173.0,80.2677912,13.0211779
['Karpagam Avenue 2nd Main Road'],,road,['residential'],173.0,80.2673456,13.0213404
['Karpagam Avenue 2nd Street'],,road,['residential'],173.0,80.2673456,13.0213404
['Karpagam Avenue 3rd Street'],,road,['residential'],173.0,80.2666889,13.0213183
['Karpagam Avenue 4th Street' 'Karpagam Avenue 2nd Main Road'],,road,['residential'],173.0,80.2668194,13.0219239
['Karpagam Avenue 4th Street'],,road,['residential'],173.0,80.2673408,13.0224546
['Karpagam Avenue'],,road,['tertiary'],173.0,80.2682577,13.0221546
['Karpagam Garden 1st Main Road'],,road,['residential'],176.0,80.2629871,13.0078034
['Karpagambal Nagar'],,road,['residential'],,80.2592009,12.9742321
['Karuna Street'],,road,['residential'],179.0,80.2229692,12.9689978
['Karunagaran Street'],,road,['residential'],142.0,80.2150912,13.0209468
['Karunaidhi 2nd Street'],,road,['residential'],180.0,80.2370368,12.9803942
['Karunambigai Road'],,road,['residential'],179.0,80.2249374,12.9851881
['Karunanadhi 4th Street'],,road,['residential'],180.0,80.2365218,12.9802099
['Karunanathi 1st Street'],,road,['residential'],180.0,80.2381117,12.9804078
['Karunanidhi 1st Street'],,road,['residential'],172.0,80.2471917,13.016922
['Karunanidhi Main Street'],,road,['residential'],180.0,80.2388326,12.9801361
['Karunanidhi Street'],,road,['residential'],177.0,80.2102166,12.9951235
['Karunanidhi Street'],,road,['living_street'],180.0,80.2422681,12.9833753
['Kasturi Avenue'],,road,['residential'],173.0,80.2713167,13.0181119
['Kasturibai Nagar 1st Cross Street'],,road,['residential'],175.0,80.2546721,13.0065135
['Kasturibai Nagar 1st Main Road'],,road,['residential'],175.0,80.2504817,13.0066218
['Kasturibai Nagar 2nd Cross Street'],,road,['residential'],175.0,80.2535333,13.0008319
['Kasturibai Nagar 3rd Cross Street'],,road,['tertiary'],175.0,80.2516521,13.0066774
['Kathipara Interchange Flyover Ramp'],,road,['primary_link'],,80.2034549,13.0080005
['Kathipara Interchange Flyover Ramp'],,road,['primary_link'],170.0,80.2050616,13.007745
['Kathipara Interchange Flyover'],,road,['primary'],170.0,80.2038388,13.0076902
['Kathipara Interchange Flyover'],,road,['primary'],,80.2035931,13.0104235
['Kathipara Interchange Ramp'],,road,['primary_link'],,80.204367,13.0068205
['Kathipara Interchange Ramp'],,road,['primary_link'],170.0,80.2044878,13.0085487
['Kathiravan Nagar'],,road,['residential'],179.0,80.2225629,12.974154
['Kattabomman Street'],,road,['residential'],180.0,80.2422723,12.9791641
['Kattabomman Street'],,road,['living_street'],173.0,80.2567068,13.0234873
['Kavarai Street'],,road,['residential'],142.0,80.2178027,13.0215066
['Kaveri Street'],,road,['residential'],178.0,80.2176837,12.9774958
['Kavimani Street'],,road,['residential'],169.0,80.2132138,12.9680139
['Kennady Street'],,road,['residential'],180.0,80.2375788,12.9807342
['Kodambakkam Road'],,road,['secondary'],142.0,80.2197887,13.0248793
['Kodambakkam Road'],,road,['secondary'],,80.2197898,13.0277173
['Kokilam 2nd Street'],,road,['residential'],179.0,80.229663,12.9829829
['Kokilam Street'],,road,['residential'],179.0,80.2308021,12.9838348
['Koothadum Pilliyar Koil Street'],,road,['residential'],142.0,80.2212242,13.0230658
['Kothaval Chavadi Street'],,road,['tertiary'],142.0,80.2188618,13.0214736
['Kottivakkam Kuppam Road'],,road,['tertiary'],,80.2635075,12.9737091
['Kotturpuram 1st Main Road'],,road,['residential'],172.0,80.2421025,13.0210407
['Kotturpuram 4th Main Road'],,road,['residential'],172.0,80.2457205,13.0196514
['Krishna Street'],,road,['residential'],169.0,80.1989675,12.97538
['Krishnamachari Avenue'],,road,['residential'],175.0,80.2573594,13.0060239
['Kumannan Street'],,road,['residential'],181.0,80.2673078,12.9923723
['Kumaran Street'],,road,['residential'],179.0,80.2277173,12.9767825
['Kumarasamy Street'],,road,['residential'],142.0,80.2179116,13.0260365
['Kuttai Street'],,road,['residential'],182.0,80.2583502,12.9830618
['Kuttigramani Street'],,road,['residential'],173.0,80.2622923,13.0204349
['LB Road 1st Street'],,road,['residential'],175.0,80.2542555,12.9967499
['LDG Road'],,road,['residential'],171.0,80.2280019,13.0167231
['LIC Colony 1st street'],,road,['residential'],179.0,80.2222622,12.9769545
['LIC Colony 2nd Street'],,road,['residential'],179.0,80.2226964,12.977566
['LIC Colony Main Road'],,road,['residential'],179.0,80.2224838,12.9775548
['LIC Colony'],,road,['residential'],181.0,80.2574362,12.9914425
['Labour Colony 2nd Cross Street'],,road,['residential'],170.0,80.2107772,13.0149161
['Labour Colony 2nd Street'],,road,['residential'],170.0,80.2108219,13.0152562
['Lake View Road' '7th Street'],,road,['residential'],177.0,80.2159996,12.9867513
['Lake View Road' 'Mandapam Road'],,road,['residential'],172.0,80.2457759,13.0103253
['Lake View Road'],,road,['residential'],172.0,80.2448246,13.0133622
['Lake View Road'],,road,['tertiary'],177.0,80.2054838,12.9878045
['Lakeview Street'],,road,['residential'],177.0,80.2062323,12.9885644
['Lakeview Street'],,road,['residential'],,80.2048306,12.9885877
['Lakshmi Hayagriva 1st Main Road'],,road,['residential'],177.0,80.2134553,12.9860485
['Lakshmi Hayagriva 2nd Main Road'],,road,['residential'],177.0,80.2103282,12.9857053
['Lakshmi Nagar 7th Street Extension 1st Cross Street'],,road,['residential'],168.0,80.1909019,12.9762439
['Lakshmipuram 3rd street'],,road,['residential'],178.0,80.2214128,12.9863342
['Lakshmipuram Main Road'],,road,['residential'],178.0,80.2211815,12.9868222
['Lakshmipuram Street'],,road,['residential'],178.0,80.2201224,12.9876066
['Lal Bahadur Shastri Street'],,road,['residential'],181.0,80.2624033,12.9923101
['Lalitha Garden'],,road,['residential'],182.0,80.2613091,12.9836543
['Lane Chetty Garden'],,road,['residential'],175.0,80.2567184,13.0028165
['Latha Street'],,road,['residential'],179.0,80.229426,12.9820333
['Latha Street;Seethapathy Nagar 1st Cross Street'],,road,['residential'],179.0,80.2274885,12.9822199
['Lazer Street'],,road,['residential'],170.0,80.2004054,13.0162711
['Link Road'],,road,['tertiary'],174.0,80.2098693,13.0034945
['Link Street'],,road,['residential'],172.0,80.2427549,13.0202201
['Lock Street'],,road,['residential'],172.0,80.2461729,13.0193587
['Loop Road'],,road,['tertiary'],,80.2738952,13.0239699
['Lour Doss Grotto Road'],,road,['residential'],171.0,80.2261587,13.0157988
['M. G. R. Street'],,road,['residential'],169.0,80.1921479,12.9745312
['M. G. R. Street'],,road,['residential'],168.0,80.1918711,12.97758
['M. Govindapillai Street'],,road,['residential'],180.0,80.2394723,12.9835164
['M.G.R Street'],,road,['residential'],174.0,80.2123784,13.006379
['MG Ramachandran Road'],,road,['residential'],181.0,80.2681697,12.993674
['MGR 2nd Cross Street'],,road,['residential'],168.0,80.1925208,12.9760287
['MGR Nagar 5th Main Road' 'Andal Nagar Extension 2nd Street'],,road,['residential'],177.0,80.2132697,12.9801645
['MGR Nagara Main Road'],,road,['residential'],,80.2494782,12.9805576
['MGR Street'],,road,['residential'],180.0,80.2381743,12.9833652
['MGR Street'],,road,['living_street'],181.0,80.2616094,12.9917472
['Ma. Po. C. Street'],,road,['residential'],180.0,80.2381743,12.9833652
['Macmillon Colony 1st Street'],,road,['residential'],168.0,80.1901172,12.9803543
['Macmillon Colony 2nd Street'],,road,['residential'],168.0,80.1900515,12.9798511
['Macmillon Colony 3rd Street'],,road,['residential'],168.0,80.1904376,12.9797108
['Macmillon Colony 4th Street'],,road,['residential'],168.0,80.1899955,12.9794365
['Macmillon Colony Main Road'],,road,['residential'],168.0,80.1901172,12.9803543
['Madavmani Avenue'],,road,['residential'],178.0,80.2212104,12.9770381
['Madavmani Avenue'],,road,['residential'],179.0,80.2218668,12.9770335
['Madhavan Street'],,road,['residential'],174.0,80.2158144,12.9929041
['Madhya Kailash flyover'],,road,['primary'],172.0,80.2473472,13.0060325
['Madipakkam Main Road'],,road,['residential'],,80.1947011,12.9672861
['Madurai Veeran Koil Street'],,road,['residential'],174.0,80.2113442,12.9991758
['Maduvankarai Bridge'],,road,['tertiary'],174.0,80.2094977,13.0035656
['Mahalakshmi Nagar 8th Cross Street'],,road,['residential'],177.0,80.2064929,12.9832378
['Mahalakshmi Street'],,road,['residential'],169.0,80.1946475,12.9703138
['Mahalaxmi Street'],,road,['residential'],179.0,80.2309127,12.9866287
['Mahalxmi Avenue'],,road,['residential'],181.0,80.2625191,12.9942816
['Mahathma Gandhi Street'],,road,['residential'],179.0,80.2279348,12.9758988
['Mahatma Gandhi Road'],,road,['secondary'],175.0,80.2558089,12.9969275
['Mahatma Gandhi Road'],,road,['secondary'],181.0,80.2676853,12.9956708
['Mahatma Gandhi Road'],,road,['secondary'],176.0,80.2593081,12.9966031
['Main Road'],,road,['residential'],170.0,80.2011955,13.014492
['Main Road'],,road,['residential'],,80.2009785,13.0137868
['Main Road'],,road,['residential'],177.0,80.21784,12.9844609
['Main Road'],,road,['residential'],169.0,80.2026713,12.9674338
['Major Mukund Varadharajan Salai' 'Taramani Road'],,road,['primary'],178.0,80.2210595,12.9758737
['Major Mukund Varadharajan Salai'],,road,['primary'],178.0,80.2192589,12.9719744
['Major Mukund Varadharajan Salai'],,road,['primary'],179.0,80.2195658,12.9723002
['Malaviya Avenue 1st Street'],,road,['residential'],176.0,80.2577151,12.9967732
['Malaviya Avenue'],,road,['residential'],181.0,80.2592593,12.9956763
['Malligaipoo Kuppam Road'],,road,['residential'],175.0,80.2584314,13.0106522
['Mancholai 1st Main'],,road,['residential'],170.0,80.2043289,13.0260406
['Mancholai 1st Street'],,road,['residential'],170.0,80.2034792,13.0269013
['Mancholai 2nd Main'],,road,['residential'],170.0,80.2030199,13.0269757
['Mancholai 2nd Street'],,road,['residential'],170.0,80.2038234,13.0271853
['Mancholai 3rd Street'],,road,['residential'],170.0,80.2025191,13.0274384
['Mandapam Road'],,road,['residential'],175.0,80.2478134,13.010117
['Mandapam Street'],,road,['residential'],172.0,80.2431382,13.0168484
['Mani Megalai Street'],,road,['residential'],169.0,80.1973725,12.9683428
['Mani Street'],,road,['residential'],142.0,80.2128449,13.0220537
['Manimeghalai Street'],,road,['residential'],169.0,80.1952299,12.9686867
['Maraimalai Adigal Bridge' 'Anna Salai (Mount Road)'],,road,['primary'],142.0,80.2246851,13.0181113
['Maraimalai Adigal Bridge' 'Taluk Office Road' 'Anna Salai (Mount Road)'],,road,['primary'],171.0,80.2245501,13.0187755
['Marudupandi Street'],,road,['tertiary'],177.0,80.2151361,12.9889278
['Marundeeswar Nagar Main Road'],,road,['residential'],181.0,80.2579735,12.9950365
['Maruthapandian Street'],,road,['residential'],181.0,80.2663891,12.9899344
['Mathiazhagan Street'],,road,['residential'],168.0,80.1937262,12.977562
['Mathiazhagan Street'],,road,['residential'],177.0,80.2143012,12.9910514
['Mayor Ramanathan Road'],,road,['residential'],172.0,80.2443874,13.0026761
['Mettu Street'],,road,['residential'],182.0,80.2602524,12.9843608
['Mohanapuri 2nd Street'],,road,['residential'],177.0,80.2078561,12.9862222
['Mohanapuri 3rd Street'],,road,['residential'],177.0,80.2052195,12.9861882
['Mohanapuri 4th Street'],,road,['residential'],177.0,80.2078212,12.9854249
['Mohanapuri 5th Street'],,road,['residential'],177.0,80.2077348,12.984934
['Mosque Street'],,road,['secondary'],142.0,80.2194963,13.0214599
['Mosque Street'],,road,['secondary'],170.0,80.2194888,13.019452
['Mosque lane'],,road,['residential'],142.0,80.2177232,13.0210354
['Mount - Medavakkam Road'],,road,['primary'],168.0,80.1922118,12.9746954
['Mount - Medavakkam Road'],,road,['primary'],,80.1955182,12.981246
['Mount - Medavakkam Road'],,road,['primary'],169.0,80.1921479,12.9745312
['Mullai Road'],,road,['residential'],182.0,80.2639766,12.9749796
['Mullai Street'],,road,['residential'],169.0,80.2083805,12.9710501
['Munusamy Street'],,road,['residential'],142.0,80.2176492,13.0257625
['Murahari Street'],,road,['residential'],142.0,80.2128821,13.0225524
['MurphyDoss Street' 'MurphyDoss Street;Way to Gandhi Road / VGP avenue'],,road,['residential'],179.0,80.2296407,12.9829114
['MurphyDoss Street;Way to Gandhi Road / VGP avenue'],,road,['residential'],179.0,80.2296084,12.9828422
['Murugan Nagar Extension 1st Street' 'Chokkalingam Nagar Road'],,road,['residential'],178.0,80.2129371,12.9774623
['Murugan Nagar Extension 1st Street'],,road,['residential'],178.0,80.2130515,12.9751917
['Murugan Street'],,road,['residential'],169.0,80.1941564,12.9699878
['Murugappa Road'],,road,['residential'],172.0,80.2403067,13.0199751
['Murugappa Street'],,road,['tertiary'],168.0,80.1957908,12.9752132
['Murugappa Street'],,road,['tertiary'],169.0,80.203874,12.9766987
['Muthu Krishnan Street'],,road,['residential'],179.0,80.2255985,12.970615
['Muthu Mohamed Street'],,road,['residential'],169.0,80.193436,12.9713463
['Muthulakshmi Street'],,road,['residential'],181.0,80.2628006,12.9916896
['Muthumariamman Kovil Street'],,road,['residential'],180.0,80.2398565,12.9812828
['Muthurangam Road'],,road,['residential'],,80.2286202,13.0303505
['Muthurangam Road'],,road,['residential'],171.0,80.2285638,13.029133
['N 1st Street'],,road,['residential'],169.0,80.2132979,12.9674525
['N Home Line'],,road,['residential'],178.0,80.2190472,12.9768919
['Naga Reddy Thottam Garden Rd'],,road,['residential'],170.0,80.2090507,13.0198684
['Nagalingam Street'],,road,['residential' 'living_street'],170.0,80.218971,13.0175886
['Nagi Reddy thottam Garden Rd'],,road,['residential'],170.0,80.2154052,13.0160754
['Naidu Street'],,road,['residential'],172.0,80.2456278,13.0192418
['Nakeeran Road'],,road,['residential'],169.0,80.2128439,12.9663745
['Nandanam Link Road'],,road,['tertiary'],171.0,80.2377393,13.0300698
['Nanganallur 100ft Road'],,road,['residential'],,80.1904302,12.9758802
['Nanganallur 18th Street'],,road,['residential'],,80.1908508,12.9820622
['Nanganallur 18th Street'],,road,['residential'],168.0,80.1919233,12.9818677
['Nanganallur 19th Street'],,road,['residential'],168.0,80.1902238,12.9814482
['Nanganallur 6th Main Road'],,road,['tertiary'],168.0,80.190153,12.9806923
['Narayana Chetty Street'],,road,['living_street'],173.0,80.2656049,13.0241814
['Narayanasamy 2nd Street'],,road,['residential'],142.0,80.2131942,13.0209129
['Narayanasamy 4th Street'],,road,['residential'],170.0,80.2130994,13.020533
['Narayanswamy Street'],,road,['residential'],142.0,80.2146761,13.0210242
['Narmadha Street'],,road,['residential'],178.0,80.2161665,12.977495
['Natarajan Street'],,road,['residential'],142.0,80.2197526,13.0271777
['Natarajan Street'],,road,['residential'],179.0,80.2319339,12.986477
['Nattar Street'],,road,['residential'],178.0,80.2219798,12.9836808
['Nava Bharath Colony 1st Street'],,road,['residential'],181.0,80.2670656,12.9910102
['Navalar Street'],,road,['residential'],168.0,80.1913825,12.9781139
['Navaratna Gardens Main'],,road,['residential'],170.0,80.2006798,13.0225899
['Neduchezhian Road'],,road,['residential'],181.0,80.2654176,12.9950457
['Nedunchezhian Street'],,road,['residential'],174.0,80.2162792,12.9939607
['Nehru Nagar 1st Main Road'],,road,['residential'],174.0,80.2154051,12.9959116
['Nehru Nagar 1st Main Road'],,road,['residential'],177.0,80.2147579,12.9944135
['Nehru Nagar 2nd Main Road'],,road,['residential' 'living_street'],177.0,80.2143614,12.9946514
['Nehru Nagar 2nd Main Road'],,road,['residential'],174.0,80.2147678,12.9960646
['Nehru Nagar 4th Street'],,road,['residential'],174.0,80.2146307,12.9955422
['Nehru Nagar Lake View Street'],,road,['residential'],177.0,80.2143012,12.9910514
['Nehru Nagar NSK 1st Street'],,road,['residential'],177.0,80.2153512,12.9916206
['Nehru Nagar NSK 2nd Street'],,road,['living_street'],177.0,80.2149162,12.9915988
['Nehru Street'],,road,['residential'],168.0,80.1923504,12.9786878
['Nehru Street'],,road,['residential'],180.0,80.2365346,12.9826967
['Nehru Street'],,road,['residential'],170.0,80.2193898,13.0182773
['Netaji Nagar Main Road'],,road,['residential'],182.0,80.2579991,12.9772712
['Netaji Street' '11th Street'],,road,['residential'],177.0,80.2135775,12.9857581
['Netaji Street'],,road,['residential'],180.0,80.2432756,12.9948461
['Nethaji Colony 6th Cross Street'],,road,['residential'],177.0,80.210983,12.982113
['Nethaji Road'],,road,['tertiary'],177.0,80.2102819,12.9958586
['Nethaji Road'],,road,['tertiary'],174.0,80.2104953,12.9973492
['Nethaji Street'],,road,['residential'],180.0,80.2384718,12.9808738
['New Beach Road'],,road,['residential'],182.0,80.2654249,12.9757258
['New Boag Road'],,road,['secondary'],171.0,80.2291536,13.0303179
['New Boag Road'],,road,['secondary'],,80.2286202,13.0303505
['New Colony 1st Street'],,road,['residential'],179.0,80.2327975,12.9822479
['New Colony 2nd Main Road'],,road,['residential'],179.0,80.2321403,12.9821568
['New Colony 2nd Street'],,road,['residential'],179.0,80.2321986,12.9823846
['New Colony 3rd Main Road' 'Thiruvallur Street'],,road,['tertiary'],179.0,80.2331029,12.9829749
['New Colony 3rd Main Road'],,road,['tertiary'],179.0,80.2324572,12.9831041
['New Colony 3rd Street'],,road,['residential'],179.0,80.232474,12.9828386
['New Colony 4th Street'],,road,['residential'],179.0,80.232198,12.9825931
['New Colony 5th Street'],,road,['residential'],179.0,80.2319765,12.982977
['New Colony 8th Street'],,road,['residential'],,80.2033977,12.9854287
['New Colony Main Road'],,road,['tertiary'],179.0,80.2321403,12.9821568
['New Colony Main Road'],,road,['tertiary'],,80.2035104,12.9883377
['New Street'],,road,['residential'],172.0,80.2446728,13.0180862
['North Avenue' 'East Avenue'],,road,['residential'],173.0,80.2546237,13.0219953
['North Avenue' 'ஸ்ரீநகர் காலனி குறுக்கு தெரு'],,road,['residential'],171.0,80.2298202,13.0153867
['North Avenue'],,road,['residential'],171.0,80.228272,13.0157188
['North Mada Street'],,road,['residential'],181.0,80.2620046,12.9860383
['North Mada Street'],,road,['residential'],182.0,80.2602927,12.9862089
['North Mada Street'],,road,['residential'],171.0,80.2313303,13.0144028
['North Madhava Perumal Street'],,road,['residential'],168.0,80.193511,12.9742564
['North Road'],,road,['residential'],171.0,80.2276197,13.0283513
['North Street'],,road,['residential'],182.0,80.2580253,12.9772798
['Norton Road' 'TP Scheme Road'],,road,['residential' 'living_street'],173.0,80.2666014,13.0239564
['Norton Road'],,road,['residential'],173.0,80.2676996,13.0248852
['Norton Road'],,road,['residential'],,80.2679614,13.0256328
['OMR Service Road Flyover'],,road,['primary_link'],175.0,80.2487999,12.9988551
['Old Mahapalipuram Road' 'Rajiv Gandhi Salai'],,road,['primary'],,80.2527409,12.9804735
['Old Mahapalipuram Road'],,road,['primary'],180.0,80.2514435,12.9878116
['Old Mambalam Road'],,road,['residential'],,80.2216434,13.0274489
['Old Mambalam Road'],,road,['residential'],142.0,80.2218597,13.0250361
['Otten Street'],,road,['residential'],169.0,80.1962043,12.9697463
['Otthai Vaadai Street'],,road,['residential'],142.0,80.2199158,13.0244228
['PS Kumarasamy Raja Road'],,road,['tertiary'],173.0,80.257013,13.0189407
['PS Road'],,road,['residential'],175.0,80.2580172,13.0098828
['Padmanabha Nagar 5th Street'],,road,['residential'],176.0,80.2606358,13.006789
['Padmavathi Street'],,road,['residential'],169.0,80.2116463,12.9663481
['Palayakaran Street'],,road,['residential'],170.0,80.2065764,13.0236739
['Palayakkaran Street'],,road,['residential'],170.0,80.2063,13.0253868
['Pallipattu Main Road'],,road,['residential'],172.0,80.2436852,13.001602
['Pandian Street'],,road,['residential'],174.0,80.2184966,12.9902449
['Pandian Street'],,road,['residential'],182.0,80.2546828,12.9767354
['Pandidurai Street'],,road,['residential'],174.0,80.2178563,12.9879267
['Pandiyan Street'],,road,['residential'],180.0,80.2354871,12.9821905
['Parameshwar Street'],,road,['residential'],179.0,80.228801,12.9846253
['Parameswari Nagar 1st Street' '1st Street'],,road,['residential'],176.0,80.2575349,13.0032399
['Parameswari Nagar 1st Street'],,road,['residential'],176.0,80.2594356,13.0031936
['Parameswari Nagar 2nd Street'],,road,['residential'],176.0,80.2598637,13.0025833
['ParasuRaman Street'],,road,['residential'],179.0,80.2287583,12.9865512
['Pari Nagar 6th Street' '1st Street'],,road,['residential'],142.0,80.2136646,13.0212766
['Pari Nagar 6th Street'],,road,['residential'],142.0,80.2136899,13.0214306
['Pari Street'],,road,['residential'],181.0,80.2686458,12.9921884
['Park Avenue 1st Cross Street' 'Park Avenue 2nd Street'],,road,['residential'],179.0,80.2311767,12.9776138
['Park Avenue 1st Street'],,road,['residential'],179.0,80.2303901,12.9780931
['Park Avenue 3rd Cross Street' 'Park Avenue 2nd Cross Street'],,road,['residential'],179.0,80.2321349,12.9777264
['Park Avenue 3rd Street'],,road,['residential'],179.0,80.2324992,12.977228
['Park Avenue'],,road,['residential'],173.0,80.2548287,13.0217133
['Park View Street'],,road,['residential'],173.0,80.259261,13.0222409
['Parthasarathi Nagar 1st Street'],,road,['residential'],174.0,80.2121304,12.9986621
['Parthasarathy Koil Street'],,road,['residential'],170.0,80.2077809,13.0216051
['Parthasarathy Kovil 1st Street'],,road,['residential'],170.0,80.207205,13.0219483
['Parthasarathy Kovil 2nd Street'],,road,['residential'],170.0,80.2070154,13.0221873
['Parthiban Street'],,road,['residential'],168.0,80.2002176,12.9787847
['Parthiban Street'],,road,['residential'],,80.2019594,12.9785934
['Parvathi Street'],,road,['residential'],181.0,80.2657083,12.9896621
['Pasumpon Muthuramalingar Thevar Salai (Chamiers Road)'],,road,['primary_link'],,80.2397808,13.0308999
['Pasupathy Lane'],,road,['residential'],179.0,80.2235811,12.9860477
['Pattukottai Alagiri Street'],,road,['residential'],180.0,80.2421597,12.9800023
['Peeliamman Koil Street'],,road,['tertiary'],180.0,80.2397198,12.9825456
['Peeliamman Kovil 2nd Street'],,road,['residential'],172.0,80.2452868,13.0119616
['Peliyamman Kovli Street'],,road,['residential'],180.0,80.239598,12.9800612
['Periyar Street'],,road,['residential'],174.0,80.2174459,12.9938543
['Periyar Street'],,road,['residential'],168.0,80.1935377,12.9818895
['Periyar Street'],,road,['residential'],180.0,80.2412683,12.9867698
['Peruaml Kovil 1st Street'],,road,['residential'],172.0,80.245938,13.0139964
['Perumal Koil Garden'],,road,['residential'],173.0,80.262388,13.0242804
['Perumal Koil Lane'],,road,['residential'],172.0,80.2474642,13.014359
['Perumal Koil Street'],,road,['residential'],142.0,80.2179311,13.0225974
['Perumal Koil Street'],,road,['residential'],172.0,80.2459261,13.0143197
['Perumal Koil Street'],,road,['residential'],180.0,80.2390156,12.9829968
['Perumal Nagar 1st Street'],,road,['residential'],169.0,80.1903914,12.9734661
['Perumal Nagar 2nd Street'],,road,['residential'],169.0,80.1910678,12.9744886
['Perumal Nagar 3rd Street'],,road,['residential'],168.0,80.1918056,12.9746292
['Perumal Nagar 3rd Street'],,road,['residential'],169.0,80.1915421,12.9739177
['Perungudi MRTS Railway Station Road'],,road,['residential'],179.0,80.2316611,12.9760923
['Perungudi Station Road'],,road,['tertiary'],179.0,80.2327846,12.9772124
['Perungudi station road'],,road,['tertiary'],179.0,80.2311357,12.9755596
['Pillaiyar Koil 1st Street' 'Pillaiyar Koil 2nd Street'],,road,['residential'],170.0,80.2047614,13.0201551
['Pillaiyar Koil 1st Street'],,road,['residential'],170.0,80.2058461,13.0199985
['Pillaiyar Koil Lane'],,road,['residential'],178.0,80.2186299,12.9825879
['Pillaiyar Koil Street'],,road,['residential'],142.0,80.2251803,13.0252717
['Pillaiyar Koil Street'],,road,['residential'],171.0,80.2251976,13.0258654
['Pillaiyar Koil Street'],,road,['residential'],178.0,80.2186299,12.9825879
['Pillaiyar Koil Street'],,road,['residential'],174.0,80.2423543,12.9956567
['Pillaiyar Koil Street'],,road,['residential'],179.0,80.2280324,12.9751048
['Pillaiyar Koil Street'],,road,['tertiary'],180.0,80.2393591,12.9843873
['Pillaiyar Koil Street'],,road,['residential'],172.0,80.2431746,12.9965296
['Pillam Mosque 1st Street'],,road,['residential'],142.0,80.218308,13.0206053
['Pillayar koil street' 'Nethaji Road'],,road,['tertiary'],174.0,80.210686,12.9983482
['Pillayar koil street'],,road,['tertiary'],174.0,80.2115364,13.0025415
['Pilliyar Koil Lane'],,road,['living_street'],181.0,80.2604793,12.9872485
['Pilliyar Koil Sreet'],,road,['residential'],,80.253318,12.9808727
['Pilliyar Koil Street'],,road,['residential'],181.0,80.2613441,12.9892024
['Pilliyar Koil Street'],,road,['residential'],182.0,80.2580932,12.9784059
['Police Lane'],,road,['living_street'],142.0,80.2216889,13.0204425
['Pondicherry Road' 'Lock Street'],,road,['residential'],172.0,80.2476793,13.0187064
['Pondicherry Road'],,road,['residential'],172.0,80.246425,13.0157395
['Ponnappan Street'],,road,['residential'],168.0,80.1960765,12.9759685
['Ponni Amman Koil Street'],,road,['residential'],171.0,80.2325647,13.0134068
['Ponni amman koil street'],,road,['residential'],176.0,80.2641915,13.0086542
['Ponniamman Koil Road'],,road,['tertiary'],171.0,80.2410929,13.0181555
['Ponniamman Koil Road'],,road,['tertiary'],172.0,80.2418907,13.0177277
['Ponniamman Koil Street'],,road,['tertiary'],169.0,80.196145,12.9670161
['Ponniamman Koil Street'],,road,['tertiary'],168.0,80.1972991,12.9794004
['Ponniamman Koil Street'],,road,['tertiary'],,80.1974135,12.9801917
['Ponnurangan Street'],,road,['residential'],169.0,80.1963072,12.9713737
['Poomagal Main Road'],,road,['residential'],170.0,80.2035152,13.0180218
['Poonamalle Road'],,road,['tertiary'],,80.1986795,13.0193122
['Poonamalle Road'],,road,['tertiary'],170.0,80.2022368,13.0202136
['Porchezhiyan Street'],,road,['residential'],168.0,80.1920186,12.9795567
['Potter Street'],,road,['residential'],142.0,80.2273529,13.0247906
['Pradhap Chandran Street'],,road,['residential'],174.0,80.2169859,12.9890702
['Prasad Lane'],,road,['residential'],179.0,80.2283812,12.9817048
['Putheri Karai Street'],,road,['residential'],179.0,80.2251133,12.9854124
['Puzhuthivakkam Road'],,road,['tertiary'],169.0,80.195986,12.9723883
['RA Puram 1st Cross Street'],,road,['residential'],,80.2546269,13.0240662
['RA Puram 2nd Cross Street'],,road,['residential'],,80.256796,13.0245684
['RK Mutt Road'],,road,['secondary'],173.0,80.2626659,13.0202745
['Race Course Interior Road'],,road,['tertiary'],174.0,80.2155989,13.009279
['Race Course Road' 'Racecourse Road'],,road,['secondary'],174.0,80.2122514,13.0044672
['Racecourse Road'],,road,['secondary'],174.0,80.2160747,13.0102518
['Racecourse Road'],,road,['secondary'],170.0,80.2154906,13.0101764
['RadhaKrishnan Street'],,road,['residential'],180.0,80.2363065,12.9826071
['Radhakrishnan Nagar Main Road'],,road,['residential'],181.0,80.2581677,12.9907288
['Radhakrishnan Street'],,road,['residential'],174.0,80.218732,12.99072
['Radhamohan Street'],,road,['residential'],174.0,80.217598,12.989968
['Radhar Nagar Extension 2nd Street'],,road,['residential'],177.0,80.2140966,12.9849115
['Raghavendra Street'],,road,['residential'],177.0,80.2123318,12.983173
['Raja Raja Cholan Street'],,road,['residential'],181.0,80.2656493,12.9897471
['Raja Street'],,road,['residential'],173.0,80.2644602,13.022357
['Raja Street'],,road,['residential'],179.0,80.2280823,12.9825986
['Raja Thottam 2nd Street'],,road,['residential'],,80.2612869,12.9737699
['Raja Thottam1st Street'],,road,['residential'],182.0,80.2606687,12.9742668
['RajaLaxmi Nagar 10 Street'],,road,['residential'],178.0,80.2185564,12.9853888
['RajaLaxmi Nagar 10th Street'],,road,['residential'],178.0,80.2190836,12.9850341
['RajaLaxmi Nagar 1st main Road' 'JagannathaPuram 1st Main road'],,road,['residential'],178.0,80.2207357,12.9857678
['RajaLaxmi Nagar 1st main Road'],,road,['residential'],178.0,80.2204377,12.9858568
['RajaLaxmi Nagar 1st main Road'],,road,['residential'],177.0,80.218147,12.9864574
['RajaLaxmi Nagar 2nd main Road' 'JagannathaPuram 2nd Main road'],,road,['residential'],178.0,80.220674,12.985002
['RajaLaxmi Nagar 2nd main Road'],,road,['residential'],178.0,80.2194567,12.9850434
['RajaLaxmi Nagar 2nd main Road'],,road,['residential'],177.0,80.2179249,12.984981
['RajaLaxmi Nagar 3rd Main Road' 'JagannathaPuram 3rd Main Road'],,road,['tertiary'],178.0,80.220623,12.984393
['RajaLaxmi Nagar 3rd Main Road'],,road,['tertiary'],178.0,80.2199068,12.9844386
['RajaLaxmi Nagar 3rd Main Road'],,road,['tertiary'],177.0,80.217938,12.9842224
['RajaLaxmi Nagar 5th cross Street'],,road,['residential'],178.0,80.2198983,12.9850431
['RajaLaxmi Nagar 6th Cross Street'],,road,['residential'],178.0,80.2194567,12.9850434
['Rajagopal Street'],,road,['residential'],142.0,80.2161389,13.0212819
['Rajagopalan Road'],,road,['residential'],181.0,80.2650051,12.9843379
['Rajagopalan Road'],,road,['residential'],182.0,80.2647503,12.9831429
['Rajaji Nagar Main Road'],,road,['residential'],182.0,80.2586251,12.9788625
['Rajaji Street'],,road,['residential'],180.0,80.2413832,12.9827201
['Rajalakshmi Nagar 7th Cross Street'],,road,['residential'],178.0,80.2185585,12.9857586
['Rajarajan Street'],,road,['residential'],170.0,80.2003984,13.0230218
['Rajarathinam Street'],,road,['residential'],168.0,80.1960969,12.9765678
['Rajiv Gandhi IT Expressway'],,road,['primary'],180.0,80.2513358,12.9877944
['Rajiv Gandhi IT Expressway'],,road,['primary'],,80.2526097,12.9798977
['Rajiv Gandhi IT Expressway'],,road,['primary'],172.0,80.2465829,13.0064414
['Rajiv Gandhi IT Expressway'],,road,['primary'],175.0,80.2481599,13.000907
['Rajiv Gandhi Salai'],,road,['primary'],172.0,80.2474001,13.0067114
['Rajiv Gandhi Salai'],,road,['primary'],,80.2525381,12.9795568
['Raju Street'],,road,['living_street'],181.0,80.2606957,12.9935028
['Ram Nagar Main Road'],,road,['residential'],178.0,80.2164666,12.9742305
['RamNagar 1st street (north.extn)'],,road,['residential'],169.0,80.2090356,12.9665268
['Ramakrishnapuram 3rd Street'],,road,['residential'],,80.2048546,12.9889661
['Ramakrishnapuram 3rd Street'],,road,['residential'],177.0,80.2059355,12.9889256
['Ramapuram Ramasamy Street'],,road,['residential'],142.0,80.2176674,13.0208458
['Ramasamy Avenue'],,road,['residential'],176.0,80.262763,12.9971455
['Ramasamy Garden Street'],,road,['residential'],176.0,80.2611415,13.0093924
['Ramasamy Street'],,road,['residential'],142.0,80.2173041,13.0254227
['Ramasamy Street'],,road,['residential'],169.0,80.2113022,12.9699777
['Ramasamy Street'],,road,['residential'],180.0,80.239484,12.9812607
['Ranganathan Street'],,road,['residential'],177.0,80.2103403,12.9963652
['Ranganathan Street'],,road,['residential'],174.0,80.2121411,12.9959755
['Rangarajapuram 1st Street'],,road,['residential'],171.0,80.2324761,13.012399
['Rangarajapuram 4th Street'],,road,['residential'],171.0,80.2311805,13.013691
['Rani Anna Durai Street'],,road,['residential'],,80.2648918,13.0256434
['Rani Street'],,road,['residential'],179.0,80.2293438,12.9816213
['Raniyammal Street'],,road,['residential'],180.0,80.2401484,12.9812803
['Ranjith Road'],,road,['residential'],172.0,80.2398947,13.0186711
['Ranjith Road'],,road,['residential'],171.0,80.2383281,13.0183061
['Rathnam Nagar'],,road,['residential'],182.0,80.259412,12.9834915
['Ravi Street'],,road,['residential'],179.0,80.2270405,12.9822604
['Reddy 1st Street'],,road,['residential'],170.0,80.2085198,13.017193
['Reddy 2nd Street'],,road,['tertiary'],170.0,80.2056407,13.0176611
['Reddy 3rd Street'],,road,['residential'],170.0,80.2069492,13.017749
['Reddy Kuppam Road'],,road,['secondary'],,80.2240221,13.0284845
['Reddy Kuppam Street'],,road,['tertiary'],,80.2240127,13.0281886
['Rengabashyam Street'],,road,['residential'],142.0,80.2172322,13.0243089
['River View Road' '4th Main Road Ext'],,road,['residential'],172.0,80.2456032,13.0229972
['Road in Baby Nagar'],,road,['residential'],179.0,80.228306,12.9801266
['Robertson Lane'],,road,['living_street'],173.0,80.2669702,13.024513
['Rohini Gardens'],,road,['residential'],173.0,80.2694138,13.0228645
['Rukmani Road'],,road,['residential'],181.0,80.2676149,12.9942665
['SIDCO Industrial Estate South Phase Road'],,road,['secondary'],170.0,80.2015501,13.0144826
['Sachidanantha Nagar Main Road'],,road,['residential'],179.0,80.2303171,12.9792234
['Sai Nagar Colony'],,road,['residential'],173.0,80.2679893,13.0230445
['SaiPutra Road'],,road,['residential'],178.0,80.2196338,12.9762939
['Sairam Street - South'],,road,['residential'],168.0,80.1969892,12.9754597
['Sannadi Street'],,road,['residential'],182.0,80.2613616,12.9846298
['Santhome High Road'],,road,['primary'],173.0,80.2696273,13.0206535
['Saraswathi Street'],,road,['residential'],180.0,80.2345638,12.9804439
['Sarathy Nagar 1st Main Road'],,road,['residential'],179.0,80.2219517,12.9757501
['Sarathy Nagar 1st street'],,road,['residential'],179.0,80.2218331,12.9756672
['Sarathy Nagar 2nd street'],,road,['residential'],179.0,80.2223191,12.975721
['Sarathy Nagar 3rd street'],,road,['residential'],179.0,80.221937,12.975391
['Sarathy Nagar 4th street'],,road,['residential'],179.0,80.2217595,12.9751808
['Sarathy Nagar 5th street'],,road,['residential'],179.0,80.2234069,12.9747411
['Sarathy Nagar 6th street' 'Sarathy Nagar 1st Main Road'],,road,['residential'],179.0,80.2218849,12.9747717
['Sardar Patel Road'],,road,['primary'],171.0,80.2334763,13.0082459
['Sardar Patel Road'],,road,['primary'],175.0,80.2480767,13.0067649
['Sardar Patel Road'],,road,['primary'],172.0,80.2476214,13.0067745
['Sardar Patel Road'],,road,['primary'],176.0,80.2591798,13.008321
['Sardar Patel Road'],,road,['primary'],174.0,80.2403023,13.0067658
['Sasi Nagar Road'],,road,['residential'],177.0,80.2169725,12.986437
['Sasthri 2nd Street'],,road,['residential'],171.0,80.2268583,13.0272801
['Sastri Road'],,road,['residential'],179.0,80.2281127,12.974331
['Sathanipet 2nd Street'],,road,['residential'],174.0,80.2119246,12.9988996
['Sathya Nagar 2nd Street'],,road,['residential'],170.0,80.2010668,13.0161917
['Sathyanarayanan Street'],,road,['residential'],168.0,80.1956702,12.9760548
['Satyadev Avenue' 'Janaki Avenue'],,road,['tertiary' 'residential'],173.0,80.2725932,13.0190033
['Satyadev Avenue'],,road,['residential'],173.0,80.272268,13.018223
['School Road'],,road,['residential'],173.0,80.2623291,13.0228884
['School View Road'],,road,['residential'],173.0,80.2621317,13.0223488
['Seethapathy Nagar 2rd Cross Street' 'Prabhu Lane'],,road,['residential'],179.0,80.2288933,12.9809951
['Seethapathy Nagar 2rd Cross Street'],,road,['residential'],179.0,80.2269654,12.9811883
['Seethapathy Nagar 3rd Cross Street'],,road,['residential'],179.0,80.2273698,12.9807423
['Seethapathy Nagar Extn'],,road,['residential'],179.0,80.2263689,12.9801177
['Selvi Street'],,road,['residential'],179.0,80.2261238,12.982821
['Sembada Street'],,road,['residential'],142.0,80.2198991,13.0231959
['Sengazhaniamman Koil Street'],,road,['residential'],169.0,80.2007059,12.971742
['Service Road' 'Tansi Nagar 7 th street'],,road,['residential'],179.0,80.2228785,12.9771439
['Service Road'],,road,['residential'],179.0,80.2254874,12.9787481
['Seshachala Mudali Street'],,road,['residential'],142.0,80.2275641,13.0237698
['SevaNagar 1st street'],,road,['residential'],179.0,80.229848,12.9868492
['SevaNagar 2nd Street'],,road,['residential'],179.0,80.2290165,12.9861315
['SevaNagar 3rd Street'],,road,['residential'],179.0,80.2290598,12.9865243
['SevaNagar 4th Street'],,road,['residential'],179.0,80.2282384,12.986924
['Shanti 1st Cross Street'],,road,['residential'],179.0,80.2284399,12.9833674
['Shanti 2n Street' 'Dhandapani Street'],,road,['residential'],179.0,80.2286885,12.9833175
['Shanti 2n Street'],,road,['residential'],179.0,80.2291084,12.9830648
['Shanti Avenue'],,road,['residential'],181.0,80.2581677,12.9907288
['Shanti Nagar'],,road,['residential'],182.0,80.2550328,12.9810931
['Shanti Street'],,road,['residential'],179.0,80.2276677,12.9830248
['Shastri Nagar 11th Cross Street'],,road,['residential'],176.0,80.2610038,13.000993
['Shastri Nagar 12th Cross Street'],,road,['residential'],176.0,80.2600669,12.9984262
['Shastri Nagar 14th Cross Street' 'Shastri Nagar 13th Cross Street'],,road,['residential'],176.0,80.2618405,13.0001195
['Shastri Nagar 1st Avenue'],,road,['tertiary'],176.0,80.256538,13.0012315
['Shastri Nagar 1st Cross Street'],,road,['residential'],176.0,80.2577361,12.9980849
['Shastri Nagar 7th Cross Street'],,road,['residential'],176.0,80.2607743,12.9989849
['Shastri Nagar1st Main Road'],,road,['tertiary'],176.0,80.259343,12.996973
['Shastri Street'],,road,['residential'],171.0,80.2269157,13.0279203
['Sheshadri Puram 1st Cross Road'],,road,['residential'],179.0,80.2298601,12.9804994
['Sheshadri Puram 1st Main Road'],,road,['residential'],179.0,80.2298445,12.9792227
['Sheshadri Puram 1st Main Road;baby nagar to perungudi railway station road'],,road,['residential'],179.0,80.2303171,12.9792234
['Sheshadri Puram 2nd Cross Road'],,road,['residential'],179.0,80.2303574,12.9800576
['Sheshadri Puram 3rd Cross Road'],,road,['residential'],179.0,80.2310309,12.9796623
['SivaSakthi Street'],,road,['residential'],179.0,80.2271717,12.97607
['Sivagamipuram 1st Street' 'TM Maistry Street Extension'],,road,['residential'],181.0,80.2609782,12.9949297
['Sivagamipuram 1st Street'],,road,['residential'],181.0,80.2586894,12.9949579
['Sivaprakash Nagar 2nd Street'],,road,['residential'],169.0,80.2059658,12.9730097
['Sivaprakash Nagar First Street'],,road,['residential'],169.0,80.2077555,12.9717807
['Sivaraman Street'],,road,['residential'],169.0,80.2090576,12.9668061
['Sivasundar 1st Avenue'],,road,['residential'],181.0,80.2572904,12.9893602
['Sivasundar 2nd Avenue'],,road,['residential'],181.0,80.2580961,12.9892374
['Solaiappan Street'],,road,['residential'],169.0,80.1918418,12.9735229
['Somasundaram Street'],,road,['residential'],174.0,80.2191194,12.9911411
['Sony Nagar 1st Street'],,road,['residential'],179.0,80.2281449,12.9858832
['Sony Nagar 2nd Street'],,road,['residential'],179.0,80.227568,12.9864925
['Sony Nagar 3rd Street'],,road,['residential'],179.0,80.2282384,12.986924
['Soodiammanpet Street'],,road,['residential'],171.0,80.2251976,13.0258654
['Soundareswarar koil street'],,road,['living_street'],142.0,80.2211288,13.0212534
['South Avenue' 'East Mada Street'],,road,['residential'],171.0,80.2307053,13.0120072
['South Avenue'],,road,['residential'],182.0,80.2573004,12.9814236
['South Avenue'],,road,['residential'],171.0,80.2269708,13.0125999
['South Beach Avenue'],,road,['residential'],173.0,80.2701701,13.0178809
['South Canal Bank Road'],,road,['tertiary'],173.0,80.2681828,13.025065
['South Canal Bank Road'],,road,['tertiary'],,80.2674551,13.0252893
['South Kesawapuram Street'],,road,['residential'],173.0,80.2528288,13.0200482
['South Lock Street'],,road,['residential'],172.0,80.2480322,13.0152894
['South Mada Street'],,road,['residential'],171.0,80.2293969,13.0132614
['South Mada Street'],,road,['tertiary'],182.0,80.2613055,12.9828879
['South Street'],,road,['residential'],177.0,80.2165459,12.9856943
['South Street'],,road,['residential'],182.0,80.257926,12.9767599
['South Usman Road'],,road,['secondary'],,80.2306143,13.0317148
['Sozhamannan Street'],,road,['residential'],180.0,80.2426773,12.979104
['Sreedharan Road'],,road,['residential'],169.0,80.1986019,12.9686503
['Sri Devi Karumari Amman Nagar 3rd Street'],,road,['residential'],178.0,80.2156541,12.9756724
['Sri Devi Karumari Amman Nagar 4th Street'],,road,['residential'],178.0,80.2171068,12.9757663
['Sri Devi Karumari Amman Nagar 5th Street'],,road,['residential'],178.0,80.2155805,12.9760869
['Sri Devi Karumari Amman Nagar 6th Street'],,road,['residential'],178.0,80.2162909,12.9761855
['Sri Devi Karumari Amman Nagar 7th Street'],,road,['residential'],178.0,80.2170377,12.9765375
['Sri Devi Karumari Amman Nagar 8th Street'],,road,['residential'],178.0,80.2170782,12.9761651
"['Sri Devi Karumari Amman Nagar Avenue'
 'Sri Devi Karumari Amman Nagar 1st Street']",,road,['residential'],178.0,80.2157052,12.9769768
['Sri Devi Karumari Amman Nagar Avenue'],,road,['residential'],178.0,80.2162909,12.9761855
['Sringeri Mutt Road'],,road,['tertiary'],173.0,80.2592144,13.0245398
['Sringeri Mutt Road'],,road,['tertiary'],,80.2597488,13.0255094
['Srinivasa Nagar Main Road'],,road,['residential'],182.0,80.2604956,12.9751518
['Srinivasa Road'],,road,['tertiary'],173.0,80.259261,13.0222409
['Srinivasamurthy Avenue'],,road,['residential'],175.0,80.2551388,13.0054389
['Srinivasan Street'],,road,['residential'],168.0,80.1948711,12.9789776
['Srinivasapuram Road'],,road,['residential'],169.0,80.2118594,12.9690386
['Sriram Nagar 1st Street'],,road,['residential'],181.0,80.2597435,12.9911807
['Sriram Nagar Main Road'],,road,['residential'],172.0,80.2434344,13.0059416
['Sriram Nagar Main Road'],,road,['residential'],174.0,80.2429108,13.0038536
['Sriram Nagar Main Road'],,road,['residential'],181.0,80.2583102,12.9918014
['State Bank Colony Road'],,road,['residential'],176.0,80.263329,12.9986428
['Street in Tansi Nagar (anna nagar) Velachery'],,road,['residential'],179.0,80.2250848,12.9748448
['Subbu Street'],,road,['residential'],181.0,80.2570499,12.9962485
['Subramania Mundali Street'],,road,['residential'],142.0,80.2221685,13.0234675
['Subramania Swamy Koil Street'],,road,['residential'],142.0,80.2202764,13.0244427
['Subramaniya Avenue'],,road,['residential'],182.0,80.2609488,12.9799742
['Subramaniya Salai'],,road,['residential'],142.0,80.2176392,13.0251711
['Subramaniyan Street'],,road,['residential'],169.0,80.2117899,12.9672438
['Subramaniyan Street'],,road,['residential'],179.0,80.2288415,12.985075
['Sun Street'],,road,['living_street'],174.0,80.2113151,13.0019711
['Surya Nagar Street'],,road,['residential'],171.0,80.2376094,13.0195844
['Surya Nagar'],,road,['residential'],172.0,80.23907,13.0192192
['Surya Nagar'],,road,['residential'],171.0,80.2380561,13.0200279
['T. R. Balu Street'],,road,['residential'],169.0,80.2029516,12.9741991
['TK Kapali Street'],,road,['residential'],180.0,80.2431909,12.9821368
['TM Maistry Street'],,road,['residential'],181.0,80.261862,12.9957863
['TMM Lane'],,road,['residential'],181.0,80.2622464,12.9953249
['TNHB Colony 1st Avenue'],,road,['residential'],177.0,80.2116462,12.9925213
['TNHB Colony 1st Main Road'],,road,['residential'],177.0,80.2146595,12.9892626
['TNHB Colony 2nd Main Road'],,road,['residential'],177.0,80.2127262,12.9917476
['TNHB Colony 3rd Avenue'],,road,['residential'],177.0,80.2125424,12.9909922
['TNHB Colony 4th Avenue'],,road,['residential'],177.0,80.2134067,12.9895556
['TNHB Colony 4th Main Road'],,road,['residential'],177.0,80.2102581,12.9920149
['TNHB Colony 7th Street'],,road,['residential'],177.0,80.2142763,12.9893444
['TNHB Colony 8th Street'],,road,['residential'],177.0,80.2128799,12.9908995
['TNHB Colony 99th Lane'],,road,['residential'],177.0,80.2151131,12.9897222
['TNHB Main Road'],,road,['tertiary'],177.0,80.2142763,12.9893444
['TP Scheme Road'],,road,['residential'],173.0,80.2648611,13.0221723
['TVK Koil 1st Street'],,road,['residential'],182.0,80.259753,12.9805267
['TVK Koil 3rd Street Ext'],,road,['residential'],182.0,80.2603387,12.9779408
['TVK Koil Street'],,road,['residential'],182.0,80.2595766,12.9806993
['Taluk Office Road'],,road,['primary'],171.0,80.2261115,13.0147139
['Tamirabarani Street'],,road,['residential'],180.0,80.2345736,12.9826536
['Tamirabarani Street'],,road,['residential'],179.0,80.2342419,12.9814057
['Tank Square Street'],,road,['residential'],142.0,80.2211724,13.0242763
['Tansi Nagar 10th Street'],,road,['residential'],179.0,80.225402,12.9769774
['Tansi Nagar 11th Street'],,road,['residential'],179.0,80.2257645,12.9775591
['Tansi Nagar 12th Street'],,road,['residential'],179.0,80.2263206,12.9768112
['Tansi Nagar 13 th street'],,road,['residential'],179.0,80.2276749,12.9776691
['Tansi Nagar 14th Street' 'Varatharajapuram'],,road,['residential'],179.0,80.2242286,12.9769618
['Tansi Nagar 14th Street'],,road,['residential'],179.0,80.224884,12.9769811
['Tansi Nagar 15 th street'],,road,['residential'],179.0,80.2257223,12.9783687
['Tansi Nagar 15th Street'],,road,['residential'],179.0,80.2245527,12.9777814
['Tansi Nagar 16th Street'],,road,['residential'],179.0,80.225087,12.9769877
['Tansi Nagar 17th street'],,road,['residential'],179.0,80.2237428,12.9760192
['Tansi Nagar 19th Street'],,road,['residential'],179.0,80.2250735,12.9745014
['Tansi Nagar 1st Street'],,road,['residential'],179.0,80.222636,12.9784732
['Tansi Nagar 20th Street'],,road,['residential'],179.0,80.2257467,12.9766018
['Tansi Nagar 2nd Street'],,road,['residential'],179.0,80.223144,12.9772234
['Tansi Nagar 3rd street'],,road,['residential'],179.0,80.2235307,12.9774565
['Tansi Nagar 4th Street'],,road,['residential'],179.0,80.2235055,12.9781336
['Tansi Nagar 5th Street'],,road,['residential'],179.0,80.2239033,12.9778204
['Tansi Nagar 6th Street'],,road,['residential'],179.0,80.2248509,12.9788483
['Tansi Nagar 8th Street'],,road,['residential'],179.0,80.2249966,12.9774734
['Tansi Nagar 9th Street'],,road,['residential'],179.0,80.2253446,12.9777619
['Taramani Link Road'],,road,['primary'],179.0,80.2220667,12.9765503
['Taramani Link Road'],,road,['primary'],180.0,80.2433569,12.9812969
['Taramani Link Road'],,road,['primary'],,80.2526948,12.9799183
['Taramani MRTS Station Road'],,road,['tertiary'],,80.243311,12.9786412
['Taramani Road'],,road,['tertiary'],180.0,80.2475035,12.9862977
['Taramani Station Road'],,road,['residential'],180.0,80.2417627,12.9788785
['Teachers Colony'],,road,['residential'],172.0,80.2476351,13.0136628
['Teachers Colony'],,road,['residential'],175.0,80.251583,13.0008314
['Telungu Brahmin Street'],,road,['residential'],178.0,80.2218989,12.9827629
['Temple Avenue'],,road,['residential'],171.0,80.2311805,13.013691
['Thandavarayan Street'],,road,['tertiary'],173.0,80.2684538,13.0185056
['Theradi Street'],,road,['residential'],179.0,80.2233612,12.985474
['Thiru Vi Ka Bridge' 'Durgabai Deshmukh Road'],,road,['primary'],173.0,80.2591725,13.0147153
['Thiru Vi Ka Street'],,road,['residential'],177.0,80.2156863,12.9916869
['ThiruVedi Amman Koil Street'],,road,['residential'],179.0,80.227636,12.9854589
['Thirumekarai Street'],,road,['residential'],179.0,80.224664,12.9855915
['Thirumurugan Street'],,road,['residential'],181.0,80.268251,12.9893828
['Thirumurugan Street'],,road,['residential'],177.0,80.2112736,12.995644
['Thiruvallur Street' 'New Colony 3rd Main Road'],,road,['tertiary'],179.0,80.2331029,12.9829749
['Thiruvallur Street'],,road,['residential'],179.0,80.227689,12.9769046
['Thiruvallur Street'],,road,['tertiary'],180.0,80.2367182,12.9828307
['Thiruvalluvar Road'],,road,['primary'],181.0,80.2596279,12.9873557
['Thiruvalluvar Road'],,road,['primary'],182.0,80.2564266,12.9876354
['Thiruvalluvar Road'],,road,['primary'],180.0,80.2557785,12.9876994
['Thiruvalluvar Salai'],,road,['primary'],182.0,80.2566692,12.9875177
['Thiruvalluvar Salai'],,road,['primary'],180.0,80.255758,12.9875915
['Thiruvalluvar Street' 'Sathyanarayanan Street'],,road,['residential'],168.0,80.1956429,12.9771886
['Thiruvalluvar Street'],,road,['residential'],,80.2216434,13.0274489
['Thiruvalluvar Street'],,road,['residential'],142.0,80.2185523,13.0274767
['Thiruvalluvar Street'],,road,['residential'],180.0,80.2408352,12.9800839
['Thiruvalluvar Street'],,road,['residential'],179.0,80.2295686,12.9847515
['Thiruvalluvar Street'],,road,['residential'],168.0,80.1943704,12.9771706
['Thiruvanmiyur Kuppam Beach Road'],,road,['residential'],181.0,80.2671256,12.9836859
['Thiruvanmiyur Kuppam Beach Road'],,road,['residential'],182.0,80.267233,12.9835777
['Thiruveethi Amman Koil Street'],,road,['residential'],,80.2597488,13.0255094
['Thiruvengadam Street Ext'],,road,['residential'],173.0,80.2635021,13.0235873
['Thiruvengadam Street'],,road,['residential'],173.0,80.2644376,13.0241481
['Thiruvengadam Street'],,road,['residential'],,80.2624676,13.0245526
['Tiger Varadachari Road'],,road,['residential'],181.0,80.2674435,12.9932028
['Tiruvalluvar Nagar 1st Avenue'],,road,['residential'],182.0,80.2614606,12.9774959
['Tiruvalluvar Nagar 1st Street'],,road,['residential'],172.0,80.2458207,13.017584
['Tiruvalluvar Nagar 2nd Avenue'],,road,['tertiary'],182.0,80.2617658,12.9828731
['Tiruvengadam Street'],,road,['residential'],175.0,80.256724,13.0047918
['Todhunter Nagar 2nd Cross Road'],,road,['residential'],171.0,80.2340676,13.0192976
['Towards Adayar' 'Anna Salai (Mount Road)'],,road,['primary'],170.0,80.2248824,13.0151863
['Towards Adayar'],,road,['primary'],171.0,80.2257614,13.0153162
['Tulukanathamman Street'],,road,['residential'],172.0,80.2445147,13.0155072
['U turn in Guindy'],,road,['primary'],170.0,80.2210838,13.012363
['U turn in Guindy'],,road,['primary'],171.0,80.2212686,13.0122289
['Udhayam Nagar 1st Cross Road'],,road,['residential'],179.0,80.23251,12.9788821
['Udhayam Nagar 1st Main Road'],,road,['residential'],179.0,80.2331047,12.9786543
['Udhayam Nagar 2nd Cross Road' 'Sachidanantha Nagar Main Road'],,road,['residential'],179.0,80.2314575,12.9789098
['Udhayam Nagar 2nd Main Road'],,road,['residential'],179.0,80.2321276,12.9785951
['Udhayam Nagar 3th Main Road'],,road,['residential'],179.0,80.2321329,12.9792253
['Udhayam Nagar 4th Main Road'],,road,['residential'],179.0,80.2317676,12.9795581
['Udhayam Nagar Extension'],,road,['residential'],179.0,80.2331205,12.9790054
['Union Carbide Colony Main Road'],,road,['residential'],168.0,80.1924071,12.9737594
['Union Carbide Colony Thomas Nagar'],,road,['residential'],168.0,80.1934283,12.9738454
['Upparapalayam Street'],,road,['living_street'],172.0,80.2417355,13.0174346
['Urur Olcott Kuppam Road'],,road,['residential'],176.0,80.2701994,13.0040526
['Usha Street'],,road,['residential'],179.0,80.2280823,12.9825986
['Uturn to Adayar'],,road,['primary_link'],172.0,80.2406323,13.0068528
['V O C Street'],,road,['residential'],179.0,80.2294664,12.9769461
['V. O. C. Street'],,road,['residential'],168.0,80.1921664,12.9795192
['VGP Lane'],,road,['residential'],142.0,80.2257723,13.0232339
['VGP Road'],,road,['residential'],170.0,80.2156084,13.0201728
['VGP Selva Nagar 1st Main Road'],,road,['residential'],179.0,80.2225069,12.9711293
['VGP Selva Nagar 1st Street'],,road,['residential'],179.0,80.2198786,12.971114
['VGP Selva Nagar 2nd Main Road'],,road,['residential'],179.0,80.2198786,12.971114
['VGP Selva Nagar 2nd Street'],,road,['residential'],179.0,80.2205423,12.9716815
['VGP Selva Nagar Ext 5th Street'],,road,['residential'],179.0,80.2251352,12.9710843
['VGP Selva Nagar Extension 2nd Street'],,road,['residential'],179.0,80.2235311,12.9731723
['VGP Selva Nagar Extension 4th Street'],,road,['residential'],179.0,80.2252901,12.9726187
['VGP Selva Nagar Extension 5th Street'],,road,['residential'],179.0,80.2250348,12.9720962
['VGP Selva Nagar Extn 1st Main Road'],,road,['residential'],179.0,80.2250748,12.9741975
['VGP Selva Nagar Main Road'],,road,['residential'],179.0,80.2205423,12.9716815
['VGP avenue'],,road,['residential'],179.0,80.2273725,12.9807764
['VOC Street'],,road,['residential'],180.0,80.2375693,12.9831423
['VPG Selva Nagar Extension 1st Street'],,road,['residential'],179.0,80.2250934,12.9737606
['VPG Selva Nagar Extension 3rd Street'],,road,['residential'],179.0,80.2251309,12.9729847
['VPK Street'],,road,['residential'],177.0,80.2145361,12.9935345
['Vaaniyar Street'],,road,['residential'],142.0,80.2187135,13.0242626
['Vadhyar Subbraya mudali street'],,road,['residential'],142.0,80.2212277,13.02219
['Vaigai Street'],,road,['residential'],169.0,80.2092136,12.9692799
['Vaigai Street'],,road,['residential'],178.0,80.2176459,12.9778406
['Vaigai Street'],,road,['residential'],181.0,80.268306,12.9898764
['Vaigai Street'],,road,['residential'],180.0,80.2346882,12.981889
['Vallal Adiyamman Street'],,road,['residential'],169.0,80.2127749,12.9649287
['Vallal Kaari Street'],,road,['residential'],169.0,80.2116032,12.9660797
['Vallal Kumaran Street'],,road,['residential'],169.0,80.212854,12.9653772
['Vallalar Street Tansi Nagar 12 th street'],,road,['residential'],179.0,80.2263153,12.9764658
['Valmiki Street'],,road,['residential'],181.0,80.26006,12.989181
['Vanchinathan Street'],,road,['residential'],,80.1984615,12.9670847
['Vanchinathan Street'],,road,['residential'],179.0,80.2288698,12.9772264
['Vanchinathan Street'],,road,['residential'],169.0,80.1967395,12.967332
['Vandi Pathai Street'],,road,['residential'],170.0,80.2032754,13.0226531
['Vannanthurai street'],,road,['residential'],176.0,80.2623996,12.999286
['Varadarajapuram'],,road,['residential'],179.0,80.2223706,12.9765239
['Varasiddhi Vinayagar Koil Street'],,road,['residential'],142.0,80.219892,13.0214449
['Varatharajapuram 1st Lane'],,road,['residential'],179.0,80.2236092,12.976767
['Varatharajapuram 2nd Lane'],,road,['residential'],179.0,80.2239906,12.97678
['Varatharajapuram' 'Tansi Nagar 14th Street'],,road,['residential'],179.0,80.2242286,12.9769618
['Varatharajapuram'],,road,['residential'],179.0,80.2236092,12.976767
['Vasantha Press Road (North)'],,road,['residential'],176.0,80.2626308,13.0101966
['Vasantha Press Road (South)'],,road,['residential'],176.0,80.2622133,13.0093246
['Vasudeva Nagar Ext'],,road,['residential'],182.0,80.2573004,12.9814236
['Vasudeva Nagar'],,road,['residential'],182.0,80.2573205,12.9815702
['Vasugi street'],,road,['residential'],,80.2174717,13.027737
['Veenus Colony 3th Street'],,road,['residential'],179.0,80.2282217,12.9729592
['Veenus Colony 4th Cross'],,road,['residential'],179.0,80.2284164,12.9740534
['Veerabandiya Kattabomman Street'],,road,['residential'],174.0,80.2163069,12.9927435
['Veerapandi Street'],,road,['residential'],180.0,80.2418071,12.9810202
['Velachery Bypass Road'],,road,['primary'],174.0,80.2192915,12.9905341
['Velachery Bypass Road'],,road,['primary'],177.0,80.21784,12.9844609
['Velachery Bypass Road'],,road,['primary'],178.0,80.2188374,12.9788292
['Velachery Lower Flyover'],,road,['primary'],178.0,80.2205553,12.9751452
['Velachery MRTS Bridge'],,road,['primary'],,80.2165229,12.9647335
['Velachery MRTS'],,road,['tertiary'],179.0,80.2181293,12.9683361
['Velachery MRTS'],,road,['tertiary'],,80.2202746,12.9663471
['Velachery Main Road'],,road,['secondary'],179.0,80.2213325,12.9760873
['Velachery Main Road'],,road,['secondary'],178.0,80.2212122,12.9764607
['Velachery Main Road'],,road,['secondary'],174.0,80.2166055,12.9983616
['Velachery Road'],,road,['secondary'],171.0,80.2253737,13.0154974
['Velachery Upper Flyover'],,road,['primary'],179.0,80.2215738,12.9761809
['Velayuda Raja Street' 'Raja Street'],,road,['residential' 'living_street'],173.0,80.2652979,13.0238009
['Velayuda Raja Street'],,road,['living_street'],173.0,80.2650984,13.0239298
['Vellaiyan Road'],,road,['residential'],172.0,80.2406732,13.022478
['Vellalar Street'],,road,['residential'],179.0,80.2276476,12.9848093
['Vemballiamman Koil Street' 'Thiruvanmiyur Kuppam Beach Road'],,road,['residential'],182.0,80.2674352,12.9833592
['Vemballiamman Koil Street'],,road,['residential'],181.0,80.2686012,12.985593
['Vemballiamman Koil Street'],,road,['residential'],,80.2692863,12.9864278
['Vembuliamman Koil Street'],,road,['residential'],168.0,80.1954665,12.9801188
['Vengat Narayanan Street'],,road,['residential'],168.0,80.1954016,12.9789185
['Venkatarathnam Ext 1'],,road,['residential'],175.0,80.2493084,13.0000718
['Venkatarathnam Ext 2'],,road,['residential'],175.0,80.2507885,13.0006507
['Venkatarathnam Nagar Road'],,road,['residential'],175.0,80.2553081,13.0001857
['Venkatasamy Street'],,road,['residential'],168.0,80.1912869,12.9777069
['Venkatesa Nagar Main Road'],,road,['residential'],169.0,80.1930807,12.9726555
['Venkateswara Nagar 3rd Street'],,road,['residential'],176.0,80.2621953,13.0023556
['Venkatraman Street'],,road,['residential'],173.0,80.2594675,13.0213039
['Venu Reddy Street'],,road,['residential'],,80.2071837,13.005739
['Venu Reddy Street'],,road,['residential'],170.0,80.2070545,13.0077142
['Venus Colony 1st street'],,road,['residential'],179.0,80.2272402,12.9743328
['Venus Colony 2nd Street' 'Street in Tansi Nagar (anna nagar) Velachery'],,road,['residential'],179.0,80.2269974,12.974934
['Venus Colony 2nd Street'],,road,['residential'],179.0,80.2275733,12.9749492
['Vetenaz Hospital Road'],,road,['residential'],171.0,80.2346322,13.0238074
['Vidhya Nagar Main Road'],,road,['residential'],,80.2012774,12.9791057
['Vigneshwara Street'],,road,['residential'],174.0,80.2099779,12.9975764
['Vijay Avenue'],,road,['residential'],169.0,80.1918836,12.973816
['Vijay Avenue'],,road,['residential'],,80.1898878,12.9739081
['Vijayanagar 1st Main Road'],,road,['residential'],178.0,80.2184046,12.9758552
['Vijayanagar 2nd Main Road'],,road,['residential'],178.0,80.2151757,12.9753747
['Vinayagar Koil Street'],,road,['residential'],171.0,80.2248851,13.0120304
['Vinayagar Kovil Street'],,road,['residential'],,80.214326,13.0231391
['Vinayagar Street'],,road,['residential'],179.0,80.2296955,12.9841833
['Visaka garden'],,road,['residential'],142.0,80.2197395,13.0268822
['Visalakshi Nagar Street'],,road,['residential'],170.0,80.2027594,13.0242062
['Vishwanathan Street'],,road,['residential'],173.0,80.2580746,13.0216485
['Vivekananda Street'],,road,['residential'],179.0,80.2268903,12.9780291
['W Mada Street'],,road,['residential'],142.0,80.2165901,13.0246326
['W Mada Street'],,road,['residential'],,80.2163618,13.0229416
['Wariyar Colony'],,road,['residential'],175.0,80.2511111,13.0007827
['Water Land Drive Road'],,road,['residential'],,80.2660615,12.9732749
['Water Land Drive Road'],,road,['residential'],182.0,80.266588,12.9756412
['Water Works Road' 'SIDCO Industrial Estate South Phase Road'],,road,['secondary'],170.0,80.2058074,13.0132413
['Water Works Road'],,road,['secondary'],170.0,80.2075337,13.0129826
['West Avenue Road' 'Thiruvalluvar Road'],,road,['primary'],180.0,80.2555688,12.9877251
['West Avenue Road'],,road,['primary'],180.0,80.2513358,12.9877944
['West Avenue'],,road,['residential'],173.0,80.2534962,13.0218998
['West Canal Bank Road'],,road,['residential'],175.0,80.2477271,13.0089793
['West Canal Bank Road'],,road,['residential'],172.0,80.2479261,13.0143014
['West Jones Road'],,road,['tertiary'],142.0,80.2192627,13.0248627
['West Jones Road'],,road,['tertiary'],,80.215732,13.024502
['West Mada Street'],,road,['residential'],182.0,80.2609756,12.9861325
['West Mada Street'],,road,['residential'],171.0,80.2276171,13.0126018
['West Road'],,road,['residential'],171.0,80.2278808,13.0278774
['Yadaval Street'],,road,['residential'],172.0,80.2427501,13.0181955
['Yamuna Street' 'Raja Raja Cholan Street'],,road,['residential'],181.0,80.2658276,12.9903639
['Yamuna Street'],,road,['residential'],178.0,80.2161354,12.9778785
['Yamunai Street'],,road,['residential'],169.0,80.207351,12.9685635
['Yogeshwaran Cross Street'],,road,['residential'],169.0,80.1918966,12.969891
['Yogi Gardens'],,road,['residential'],172.0,80.2438676,13.0042762
['anna nagar 2nd street'],,road,['residential'],169.0,80.2071222,12.9781252
['anna nagar 2nd street'],,road,['residential'],177.0,80.2072713,12.9788956
['annai therasa nagar'],,road,['residential'],169.0,80.2050585,12.9709915
['baby nagar to perungudi railway station road'],,road,['residential'],179.0,80.229311,12.9805685
['dhandeeswaram Nagar 5th Avenue East'],,road,['residential'],179.0,80.2256267,12.9801139
['jayavinayagar street'],,road,['residential'],176.0,80.2635993,13.0089976
['kalaivanar street'],,road,['residential'],169.0,80.2114573,12.9651697
['kalki nagar main road'],,road,['residential'],178.0,80.2103555,12.9763208
['mahalakshmi nagar 3rd main road'],,road,['residential'],177.0,80.2086128,12.9807036
['main Street'],,road,['residential'],169.0,80.2073155,12.9665491
['main road'],,road,['residential'],169.0,80.209234,12.969712
['n 3rd Street'],,road,['residential'],169.0,80.2117124,12.9683291
['ramalinganagar street'],,road,['residential'],169.0,80.2115442,12.9657114
['ramnagarst 1st main road'],,road,['residential'],169.0,80.2117073,12.9667286
['river school compund street'],,road,['living_street'],176.0,80.26447,13.0085883
['road in Maduvankarai'],,road,['residential'],174.0,80.2109822,13.0025681
['service road'],,road,['living_street'],142.0,80.2216864,13.020539
['srinivasapuram road'],,road,['residential'],169.0,80.2116744,12.967805
['கண்ணன் நகர் 3வது மெயின் ரோடு'],,road,['tertiary'],,80.1897161,12.9703888
['கண்ணன் நகர் 3வது மெயின் ரோடு'],,road,['tertiary'],169.0,80.1904108,12.9701657
['சிட்கா தொழிற்பேட்டை பகுதி'],,road,['tertiary'],170.0,80.2076125,13.0182217
['தேரடி தெரு' 'சன்னதி தெரு'],,road,['residential' 'living_street'],179.0,80.2237734,12.9857148
['பாலாஜி நகர் 10வது தெரு விரிவு'],,road,['residential'],169.0,80.1893405,12.9718158
['பாலாஜி நகர் 10வது தெரு'],,road,['residential'],169.0,80.1900361,12.9729063
['பாலாஜி நகர் 3வது தெரு'],,road,['residential'],,80.1894324,12.9734015
['பாலாஜி நகர் 4வது தெரு'],,road,['residential'],169.0,80.1899112,12.9734086
['பாலாஜி நகர் 4வது தெரு'],,road,['residential'],,80.1894324,12.9734015
['பாலாஜி நகர் 5வது தெரு'],,road,['residential'],169.0,80.1899303,12.9730579
['பாலாஜி நகர் 5வது தெரு'],,road,['residential'],,80.1898878,12.9739081
['பாலாஜி நகர் 6வது தெரு'],,road,['residential'],169.0,80.1904079,12.9739509
['பாலாஜி நகர் 7வது தெரு'],,road,['residential'],169.0,80.1903696,12.9729522
['பாலாஜி நகர் 8வது தெரு'],,road,['residential'],169.0,80.1903622,12.9727201
['பாலாஜி நகர் 9வது தெரு'],,road,['residential'],169.0,80.1908834,12.9729277
['பிஷப் காலனி'],,road,['residential'],171.0,80.2271538,13.0148538
['வக்கீல் ஜெகன்நாதன் தெரு'],,road,['residential'],,80.206411,13.0056268
['விக்னேஷ்வரா நகர் 1வது தெரு'],,road,['residential'],169.0,80.1902388,12.9711435
['விக்னேஷ்வரா நகர் 1வது தெரு'],,road,['residential'],,80.189159,12.9714332
['விக்னேஸ்வரா நகர் 2வது தெரு'],,road,['residential'],169.0,80.1899279,12.9708047
['ஸ்ரீநகர் காலனி குறுக்கு தெரு'],,road,['residential'],171.0,80.2293228,13.0128892
Adyar Creek,,waterway,stream,173.0,80.2728543,13.0229733
Adyar River,அடையாறு நதி,waterway,river,171.0,80.2361619,13.0190498
Buckingham Kaalvaai,பக்கிங்ஹாம் கால்வாய்,waterway,canal,175.0,80.2501978,12.9946535
Buckingham Kaalvaai,பக்கிங்ஹாம் கால்வாய்,waterway,canal,172.0,80.2494138,13.018594
Mambalam Canal,,waterway,canal,171.0,80.2301395,13.0243104
Mambalam Drain,,waterway,drain,,80.23068246196578,13.030464457399269
Raj Bhavan Canal,,waterway,drain,174.0,80.2170965,12.9951777
Raj Bhavan Canal,,waterway,drain,177.0,80.2144135,12.9924686
Reddikuppam Canal,,waterway,canal,171.0,80.2261395,13.0262441
Stormwater Drain,,waterway,drain,179.0,80.222093,12.9711698
Veerangal Canal,,waterway,drain,168.0,80.1962134,12.9799629
Veerangal Canal,,waterway,drain,178.0,80.2117949,12.9726104
drain path,,waterway,canal,177.0,80.2177901,12.98396
drain path,,waterway,canal,178.0,80.2185218,12.9705957
